Prev.Length,Match.Score,Tile.Size,Prev.Type,Browse.Time
30,0,0.1,TT,20.1881784982983
30,0,0.5,TT,21.1352523561327
30,100,0.1,TT,17.1950888815456
30,100,0.5,TT,18.0101393196016
120,0,0.1,TT,18.6546813491444
120,0,0.5,TT,20.0349783567841
120,100,0.1,TT,19.9989070723459
120,100,0.5,TT,22.1463556486044
30,0,0.1,TT,19.9513027796526
30,0,0.5,TT,20.5873631893424
30,100,0.1,TT,15.1474794285898
30,100,0.5,TT,18.3017904823408
120,0,0.1,TT,20.8299920937237
120,0,0.5,TT,17.0628818512443
120,100,0.1,TT,20.5384034822011
120,100,0.5,TT,18.6356477680336
30,0,0.1,TT,20.0257656348853
30,0,0.5,TT,18.0579111389411
30,100,0.1,TT,15.5429501813247
30,100,0.5,TT,17.3610437892955
120,0,0.1,TT,19.8152855090478
120,0,0.5,TT,19.9034778208803
120,100,0.1,TT,20.0375068931869
120,100,0.5,TT,19.667405774595
30,0,0.1,TT,20.1087518190146
30,0,0.5,TT,21.1150237846507
30,100,0.1,TT,17.6821693791352
30,100,0.5,TT,16.3201233238539
120,0,0.1,TT,21.4285512664368
120,0,0.5,TT,20.4841072767688
120,100,0.1,TT,19.6500172564432
120,100,0.5,TT,20.458039231951
30,0,0.1,TT,19.8772305882528
30,0,0.5,TT,19.3912158992953
30,100,0.1,TT,17.3792016091064
30,100,0.5,TT,17.0753309193346
120,0,0.1,TT,19.7104914050953
120,0,0.5,TT,20.3020493520647
120,100,0.1,TT,19.8954680178282
120,100,0.5,TT,19.6317789056946
30,0,0.1,TT,19.9264062607776
30,0,0.5,TT,21.3715042467
30,100,0.1,TT,16.8729740050324
30,100,0.5,TT,19.0196922114977
120,0,0.1,TT,19.5491047689981
120,0,0.5,TT,20.1616568908127
120,100,0.1,TT,20.7529808082204
120,100,0.5,TT,21.6316101673426
30,0,0.1,TT,18.3050851246057
30,0,0.5,TT,20.4577588599448
30,100,0.1,TT,16.8815402526347
30,100,0.5,TT,16.7375486457436
120,0,0.1,TT,18.7466845081539
120,0,0.5,TT,19.8607723415139
120,100,0.1,TT,20.7756199567673
120,100,0.5,TT,19.5697428109902
30,0,0.1,TT,20.0044520882096
30,0,0.5,TT,19.6995992581716
30,100,0.1,TT,17.2998225954119
30,100,0.5,TT,16.5307626216529
120,0,0.1,TT,20.7454233449024
120,0,0.5,TT,19.7305306196866
120,100,0.1,TT,20.6053002000091
120,100,0.5,TT,19.4379598315714
30,0,0.1,TT,19.5043469550499
30,0,0.5,TT,19.1608192277444
30,100,0.1,TT,18.0477456550557
30,100,0.5,TT,18.6461875767178
120,0,0.1,TT,21.6502132375593
120,0,0.5,TT,20.7196187933296
120,100,0.1,TT,18.3028483455484
120,100,0.5,TT,20.6679595540531
30,0,0.1,TT,16.8106917000308
30,0,0.5,TT,19.095230533231
30,100,0.1,TT,17.0125041108573
30,100,0.5,TT,17.1916860777263
120,0,0.1,TT,19.8794204835578
120,0,0.5,TT,18.3767454964996
120,100,0.1,TT,21.1526778495572
120,100,0.5,TT,19.9748534909254
30,0,0.1,TT,19.3994932086185
30,0,0.5,TT,19.396593701186
30,100,0.1,TT,17.2115174929096
30,100,0.5,TT,16.9433137443167
120,0,0.1,TT,21.2805117522279
120,0,0.5,TT,21.5319616775312
120,100,0.1,TT,20.1325382530486
120,100,0.5,TT,20.7910985720527
30,0,0.1,TT,21.6861199864067
30,0,0.5,TT,17.7269840218219
30,100,0.1,TT,16.99301672837
30,100,0.5,TT,18.5339596351905
120,0,0.1,TT,19.3817413765344
120,0,0.5,TT,21.5024752466068
120,100,0.1,TT,20.3070323155467
120,100,0.5,TT,19.337658798705
30,0,0.1,TT,17.5017049843269
30,0,0.5,TT,20.0111904147172
30,100,0.1,TT,17.181792718703
30,100,0.5,TT,16.0455360954092
120,0,0.1,TT,21.1200160961199
120,0,0.5,TT,19.4034154070285
120,100,0.1,TT,19.9281102401768
120,100,0.5,TT,19.9243331634265
30,0,0.1,TT,20.1219362849927
30,0,0.5,TT,20.1695576795839
30,100,0.1,TT,18.4015846932213
30,100,0.5,TT,16.3042855343979
120,0,0.1,TT,19.68020383898
120,0,0.5,TT,19.676933197795
120,100,0.1,TT,20.9481778861748
120,100,0.5,TT,20.5311846883431
30,0,0.1,TT,17.4259059921806
30,0,0.5,TT,18.8935987012074
30,100,0.1,TT,17.5307788937517
30,100,0.5,TT,16.602896857773
120,0,0.1,TT,22.4436530536837
120,0,0.5,TT,19.5053912922734
120,100,0.1,TT,18.8735256803329
120,100,0.5,TT,21.2433247046651
30,0,0.1,TT,21.0936265007148
30,0,0.5,TT,19.477408798572
30,100,0.1,TT,17.4009974632181
30,100,0.5,TT,15.9198496817422
120,0,0.1,TT,19.3058425539806
120,0,0.5,TT,19.6341680407912
120,100,0.1,TT,20.1031912451696
120,100,0.5,TT,20.157629365177
30,0,0.1,TT,20.2357919634198
30,0,0.5,TT,21.0962170185611
30,100,0.1,TT,16.2760522624439
30,100,0.5,TT,18.1878532193874
120,0,0.1,TT,20.1583226571863
120,0,0.5,TT,19.8783665283991
120,100,0.1,TT,20.127131144082
120,100,0.5,TT,20.7554259432391
30,0,0.1,TT,19.5948896274364
30,0,0.5,TT,18.6280161944211
30,100,0.1,TT,17.1570505383631
30,100,0.5,TT,19.4413082774339
120,0,0.1,TT,19.6758385342594
120,0,0.5,TT,19.6701293991055
120,100,0.1,TT,20.5796858138464
120,100,0.5,TT,21.1781424945694
30,0,0.1,TT,20.3280385568288
30,0,0.5,TT,21.7457276292208
30,100,0.1,TT,18.1202964172256
30,100,0.5,TT,18.7324640151011
120,0,0.1,TT,19.1182064408368
120,0,0.5,TT,19.0777789696806
120,100,0.1,TT,20.1932924203689
120,100,0.5,TT,20.2160633044758
30,0,0.1,TT,19.4140623052588
30,0,0.5,TT,20.684344160447
30,100,0.1,TT,16.7041879707947
30,100,0.5,TT,16.6125669637022
120,0,0.1,TT,19.875565247465
120,0,0.5,TT,19.2044921773431
120,100,0.1,TT,20.0605986091495
120,100,0.5,TT,20.3962819112454
30,0,0.1,TT,20.5495569061761
30,0,0.5,TT,20.2213514606603
30,100,0.1,TT,16.6531932168222
30,100,0.5,TT,15.9007057113351
120,0,0.1,TT,18.047365084851
120,0,0.5,TT,19.4552036891635
120,100,0.1,TT,19.2506287028671
120,100,0.5,TT,19.6942910283157
30,0,0.1,TT,20.7096780100486
30,0,0.5,TT,20.5052789312681
30,100,0.1,TT,15.4659820276862
30,100,0.5,TT,17.4896954604348
120,0,0.1,TT,18.3113440614762
120,0,0.5,TT,19.7263823001864
120,100,0.1,TT,21.4150877490198
120,100,0.5,TT,19.3836208038949
30,0,0.1,TT,21.329807690364
30,0,0.5,TT,19.5893678861851
30,100,0.1,TT,17.3198865142544
30,100,0.5,TT,17.4513428236639
120,0,0.1,TT,18.784883643884
120,0,0.5,TT,20.5094524350102
120,100,0.1,TT,21.0412368590096
120,100,0.5,TT,20.4166705225722
30,0,0.1,TT,22.1488417661449
30,0,0.5,TT,20.1548672476046
30,100,0.1,TT,15.431302601572
30,100,0.5,TT,17.9352156098786
120,0,0.1,TT,21.1287275863711
120,0,0.5,TT,19.5152822763479
120,100,0.1,TT,18.5445847612152
120,100,0.5,TT,19.6104636600148
30,0,0.1,TT,20.8282158889456
30,0,0.5,TT,19.5593712857817
30,100,0.1,TT,17.1772500300744
30,100,0.5,TT,15.7083248982709
120,0,0.1,TT,20.2952574469102
120,0,0.5,TT,18.7779684184681
120,100,0.1,TT,19.5519123681385
120,100,0.5,TT,20.2315352700886
30,0,0.1,TT,18.3486984340965
30,0,0.5,TT,19.864713822463
30,100,0.1,TT,16.5694552559958
30,100,0.5,TT,17.0201750621964
120,0,0.1,TT,20.0699724336192
120,0,0.5,TT,20.5565016823794
120,100,0.1,TT,21.8773571175817
120,100,0.5,TT,20.9629779759477
30,0,0.1,TT,20.5245799169521
30,0,0.5,TT,21.09825032604
30,100,0.1,TT,16.8553390660569
30,100,0.5,TT,17.4913141314359
120,0,0.1,TT,19.0523460335315
120,0,0.5,TT,19.9995292764781
120,100,0.1,TT,18.2647166418291
120,100,0.5,TT,20.2666504705599
30,0,0.1,TT,19.1482014592569
30,0,0.5,TT,17.2619856220706
30,100,0.1,TT,15.1452192488291
30,100,0.5,TT,17.32401001355
120,0,0.1,TT,20.8376932090095
120,0,0.5,TT,19.8289532720973
120,100,0.1,TT,20.2718869704192
120,100,0.5,TT,20.7861716691967
30,0,0.1,TT,18.4511853643363
30,0,0.5,TT,21.5609091168698
30,100,0.1,TT,18.1489531667013
30,100,0.5,TT,17.1984200795658
120,0,0.1,TT,20.4063935791765
120,0,0.5,TT,20.1382994574788
120,100,0.1,TT,18.2591798474841
120,100,0.5,TT,19.2630561061998
30,0,0.1,TT,20.7898297832725
30,0,0.5,TT,20.8999036153157
30,100,0.1,TT,15.7492839541373
30,100,0.5,TT,19.2930190345652
120,0,0.1,TT,20.4954804401138
120,0,0.5,TT,21.6305012451422
120,100,0.1,TT,20.5280580530156
120,100,0.5,TT,20.9213823238509
30,0,0.1,TT,19.6781064633213
30,0,0.5,TT,19.9994536027092
30,100,0.1,TT,18.0436943352995
30,100,0.5,TT,16.1228455296221
120,0,0.1,TT,20.8949667363329
120,0,0.5,TT,18.7903295176031
120,100,0.1,TT,22.0199189453384
120,100,0.5,TT,20.6898536303857
30,0,0.1,TT,20.1377970586713
30,0,0.5,TT,19.8523832947324
30,100,0.1,TT,17.8519154530409
30,100,0.5,TT,16.9181755172941
120,0,0.1,TT,19.9841200249396
120,0,0.5,TT,20.619966300247
120,100,0.1,TT,21.259767000203
120,100,0.5,TT,18.5992084031902
30,0,0.1,TT,20.3044029403109
30,0,0.5,TT,22.7564527877167
30,100,0.1,TT,19.1063005458412
30,100,0.5,TT,16.195994992599
120,0,0.1,TT,19.6861226351269
120,0,0.5,TT,20.8109240450602
120,100,0.1,TT,19.7841835199915
120,100,0.5,TT,19.5940581630231
30,0,0.1,TT,19.7480182078144
30,0,0.5,TT,20.2080023811863
30,100,0.1,TT,17.4597370146237
30,100,0.5,TT,17.8883585379665
120,0,0.1,TT,19.7835633862971
120,0,0.5,TT,19.2149590316161
120,100,0.1,TT,20.0674615050148
120,100,0.5,TT,20.2098140435465
30,0,0.1,TT,20.199559190241
30,0,0.5,TT,20.3595647111463
30,100,0.1,TT,16.3368199818192
30,100,0.5,TT,16.3997538503189
120,0,0.1,TT,19.5429949401622
120,0,0.5,TT,19.2585359913185
120,100,0.1,TT,19.1564410024829
120,100,0.5,TT,19.4795573554791
30,0,0.1,TT,18.1025336815101
30,0,0.5,TT,21.5493087771135
30,100,0.1,TT,15.9586437329928
30,100,0.5,TT,19.0336398798132
120,0,0.1,TT,22.0999104575237
120,0,0.5,TT,20.0846881680563
120,100,0.1,TT,21.3626411374539
120,100,0.5,TT,20.2040500793166
30,0,0.1,TT,19.2677321227901
30,0,0.5,TT,18.5750800903956
30,100,0.1,TT,16.8781504453844
30,100,0.5,TT,16.141406313027
120,0,0.1,TT,21.3727953165999
120,0,0.5,TT,19.8289548789454
120,100,0.1,TT,18.9347754585095
120,100,0.5,TT,20.0048694484878
30,0,0.1,TT,21.0119449257063
30,0,0.5,TT,18.9540463800388
30,100,0.1,TT,15.5056885409938
30,100,0.5,TT,16.5790742229724
120,0,0.1,TT,21.9064165809207
120,0,0.5,TT,18.9225056835041
120,100,0.1,TT,20.2771485960792
120,100,0.5,TT,20.6660653180739
30,0,0.1,TT,19.8460345345963
30,0,0.5,TT,18.9787656776936
30,100,0.1,TT,15.6246999693424
30,100,0.5,TT,18.4184245504718
120,0,0.1,TT,21.8983374630745
120,0,0.5,TT,19.9280728462281
120,100,0.1,TT,20.0111756502882
120,100,0.5,TT,19.3145372022118
30,0,0.1,TT,20.3013266517769
30,0,0.5,TT,18.828804319046
30,100,0.1,TT,14.2914525894089
30,100,0.5,TT,18.7294053244875
120,0,0.1,TT,22.1338449442246
120,0,0.5,TT,18.6096550937239
120,100,0.1,TT,21.6763514485192
120,100,0.5,TT,20.5329863782731
30,0,0.1,TT,20.3869028934004
30,0,0.5,TT,19.1481552343361
30,100,0.1,TT,15.6625599568682
30,100,0.5,TT,15.5658788901357
120,0,0.1,TT,19.7707483844174
120,0,0.5,TT,19.2237344243455
120,100,0.1,TT,21.2760574179467
120,100,0.5,TT,19.6945628515867
30,0,0.1,TT,18.6774234427123
30,0,0.5,TT,20.6822810260882
30,100,0.1,TT,16.6851288016752
30,100,0.5,TT,18.4820664510088
120,0,0.1,TT,18.7786338210054
120,0,0.5,TT,19.4799447722811
120,100,0.1,TT,19.5149920889224
120,100,0.5,TT,20.5519967550623
30,0,0.1,TT,19.8278515802925
30,0,0.5,TT,19.3580306184409
30,100,0.1,TT,16.3007695082359
30,100,0.5,TT,15.2359442820771
120,0,0.1,TT,21.6420567211567
120,0,0.5,TT,20.2404545759272
120,100,0.1,TT,19.7120497545655
120,100,0.5,TT,19.8739146265686
30,0,0.1,TT,21.413909057641
30,0,0.5,TT,18.0296247102788
30,100,0.1,TT,16.723520407567
30,100,0.5,TT,16.143295571007
120,0,0.1,TT,19.4821516884353
120,0,0.5,TT,20.5811142473143
120,100,0.1,TT,18.8211838326926
120,100,0.5,TT,19.9388184230905
30,0,0.1,TT,19.6863723597174
30,0,0.5,TT,19.9921720827648
30,100,0.1,TT,17.1988122429334
30,100,0.5,TT,18.5770492155575
120,0,0.1,TT,18.5575760336403
120,0,0.5,TT,18.6873221377667
120,100,0.1,TT,19.8702274987152
120,100,0.5,TT,19.5280494084565
30,0,0.1,TT,19.8904422101441
30,0,0.5,TT,20.6927245867627
30,100,0.1,TT,16.3149971071792
30,100,0.5,TT,16.7491966329871
120,0,0.1,TT,19.1496946149435
120,0,0.5,TT,20.1256699775469
120,100,0.1,TT,20.1928880435558
120,100,0.5,TT,19.2902764455408
30,0,0.1,TT,20.5213518862461
30,0,0.5,TT,19.6365488738913
30,100,0.1,TT,16.1146729213233
30,100,0.5,TT,17.1475401790516
120,0,0.1,TT,18.7862411161789
120,0,0.5,TT,19.8368609545099
120,100,0.1,TT,19.4920947277479
120,100,0.5,TT,22.6705826773861
30,0,0.1,TT,22.0229485954704
30,0,0.5,TT,19.7806120058151
30,100,0.1,TT,17.6167333816317
30,100,0.5,TT,17.5228957886656
120,0,0.1,TT,19.6765031747238
120,0,0.5,TT,19.6609271118949
120,100,0.1,TT,19.7422018289346
120,100,0.5,TT,19.0765228522434
30,0,0.1,TT,18.9780661649354
30,0,0.5,TT,19.9535282094635
30,100,0.1,TT,15.8416463975879
30,100,0.5,TT,17.8861308918517
120,0,0.1,TT,20.1900972798454
120,0,0.5,TT,21.8854631409188
120,100,0.1,TT,19.3793665673169
120,100,0.5,TT,21.0337851036219
30,0,0.1,TT,21.394470185829
30,0,0.5,TT,18.6833574848428
30,100,0.1,TT,18.694390848551
30,100,0.5,TT,17.3906208795427
120,0,0.1,TT,17.9319438590141
120,0,0.5,TT,21.2472166013826
120,100,0.1,TT,22.0810418633329
120,100,0.5,TT,18.8098985114873
30,0,0.1,TT,19.685673625133
30,0,0.5,TT,20.2562225450129
30,100,0.1,TT,18.9846701940789
30,100,0.5,TT,17.2664719315989
120,0,0.1,TT,20.2350387505509
120,0,0.5,TT,18.6164031306769
120,100,0.1,TT,20.5569290004862
120,100,0.5,TT,18.9930996855668
30,0,0.1,TT,20.3257054466777
30,0,0.5,TT,20.0478296425348
30,100,0.1,TT,18.3195062959761
30,100,0.5,TT,16.4947792300923
120,0,0.1,TT,19.5434966298508
120,0,0.5,TT,20.4946778267583
120,100,0.1,TT,19.4267529631945
120,100,0.5,TT,19.9214635867822
30,0,0.1,TT,21.3336232165812
30,0,0.5,TT,23.3817778366069
30,100,0.1,TT,15.2249146666945
30,100,0.5,TT,16.1750522401152
120,0,0.1,TT,18.7958700065934
120,0,0.5,TT,20.1105075121587
120,100,0.1,TT,22.4972248210144
120,100,0.5,TT,18.3101141072711
30,0,0.1,TT,21.4255598091894
30,0,0.5,TT,19.9474804868389
30,100,0.1,TT,15.8634241198518
30,100,0.5,TT,14.5014895820987
120,0,0.1,TT,20.7003627930988
120,0,0.5,TT,20.4186026548149
120,100,0.1,TT,20.3674438539768
120,100,0.5,TT,19.6921851877176
30,0,0.1,TT,20.1696797225833
30,0,0.5,TT,19.5062043182997
30,100,0.1,TT,15.8655742801447
30,100,0.5,TT,16.5942206245484
120,0,0.1,TT,20.4192845904422
120,0,0.5,TT,20.6310099799803
120,100,0.1,TT,21.5819236960667
120,100,0.5,TT,19.4716360426291
30,0,0.1,TT,20.0126916031291
30,0,0.5,TT,20.0646300292899
30,100,0.1,TT,15.0622941470679
30,100,0.5,TT,17.1310525109453
120,0,0.1,TT,23.0411322670098
120,0,0.5,TT,21.8139913897523
120,100,0.1,TT,20.2740632250507
120,100,0.5,TT,21.6407815207014
30,0,0.1,TT,17.585962303592
30,0,0.5,TT,19.18439000857
30,100,0.1,TT,18.5361914519009
30,100,0.5,TT,17.7045799510358
120,0,0.1,TT,20.1261617694439
120,0,0.5,TT,19.9563556258143
120,100,0.1,TT,19.9864783843644
120,100,0.5,TT,20.2688955231096
30,0,0.1,TT,19.3838752218424
30,0,0.5,TT,20.9353449664313
30,100,0.1,TT,16.6692608844776
30,100,0.5,TT,16.5505857711924
120,0,0.1,TT,19.5833183620333
120,0,0.5,TT,21.080776482341
120,100,0.1,TT,18.6455416261411
120,100,0.5,TT,16.90904083907
30,0,0.1,TT,18.9836355995775
30,0,0.5,TT,19.6983681027906
30,100,0.1,TT,17.3621700410034
30,100,0.5,TT,15.6404985910412
120,0,0.1,TT,18.3416318835978
120,0,0.5,TT,20.7488890782588
120,100,0.1,TT,21.1187530452424
120,100,0.5,TT,20.8809366974919
30,0,0.1,TT,19.1567079339815
30,0,0.5,TT,20.0427651302122
30,100,0.1,TT,15.7430851932722
30,100,0.5,TT,16.3110187508641
120,0,0.1,TT,19.9900914520048
120,0,0.5,TT,20.1450602058948
120,100,0.1,TT,18.7093284434192
120,100,0.5,TT,20.6955940521979
30,0,0.1,TT,20.482609916169
30,0,0.5,TT,21.752109299387
30,100,0.1,TT,18.0917062620168
30,100,0.5,TT,15.8003053934954
120,0,0.1,TT,20.0867561848029
120,0,0.5,TT,18.0567435776561
120,100,0.1,TT,21.1301723519793
120,100,0.5,TT,21.2443957262624
30,0,0.1,TT,20.2137037266839
30,0,0.5,TT,18.4876638744463
30,100,0.1,TT,17.1521792067934
30,100,0.5,TT,17.0495930476747
120,0,0.1,TT,20.4334817261851
120,0,0.5,TT,19.3616867537196
120,100,0.1,TT,21.8564889937537
120,100,0.5,TT,20.9764616294783
30,0,0.1,TT,20.8496889084776
30,0,0.5,TT,19.9026042619961
30,100,0.1,TT,13.7397068586623
30,100,0.5,TT,17.2852859308145
120,0,0.1,TT,19.7142121224208
120,0,0.5,TT,21.6849997240056
120,100,0.1,TT,21.116749431943
120,100,0.5,TT,22.8867066719312
30,0,0.1,TT,20.4003173129556
30,0,0.5,TT,22.8790369403663
30,100,0.1,TT,15.7482486248153
30,100,0.5,TT,16.8372230144476
120,0,0.1,TT,20.1811111322431
120,0,0.5,TT,20.9956670298016
120,100,0.1,TT,19.7508248258749
120,100,0.5,TT,20.0736939378197
30,0,0.1,TT,20.121089249509
30,0,0.5,TT,20.406269908365
30,100,0.1,TT,18.031543462757
30,100,0.5,TT,15.5584377989681
120,0,0.1,TT,17.752926175661
120,0,0.5,TT,20.621394932159
120,100,0.1,TT,19.4442643020364
120,100,0.5,TT,17.8318813541751
30,0,0.1,TT,19.8135362431674
30,0,0.5,TT,21.0657889629505
30,100,0.1,TT,18.5775269607265
30,100,0.5,TT,14.2506314513882
120,0,0.1,TT,21.6110253186397
120,0,0.5,TT,21.0269593579512
120,100,0.1,TT,19.9406870976013
120,100,0.5,TT,19.942228621856
30,0,0.1,TT,19.7358779115799
30,0,0.5,TT,19.6876305833825
30,100,0.1,TT,17.5310882568316
30,100,0.5,TT,17.9991381679239
120,0,0.1,TT,20.5663447886994
120,0,0.5,TT,22.2424380675879
120,100,0.1,TT,20.5409778560241
120,100,0.5,TT,20.8197559230637
30,0,0.1,TT,20.6671777850704
30,0,0.5,TT,18.8334169742981
30,100,0.1,TT,18.5377157123337
30,100,0.5,TT,18.4286566375235
120,0,0.1,TT,21.025565479075
120,0,0.5,TT,17.3143683995468
120,100,0.1,TT,19.1959776990609
120,100,0.5,TT,21.3618156871304
30,0,0.1,TT,20.2587730084243
30,0,0.5,TT,18.6175138337549
30,100,0.1,TT,17.3185775589952
30,100,0.5,TT,17.122266150978
120,0,0.1,TT,19.1123147238731
120,0,0.5,TT,18.9976226681914
120,100,0.1,TT,18.9649742622425
120,100,0.5,TT,19.2185802743893
30,0,0.1,TT,20.6354305696776
30,0,0.5,TT,21.4515755714671
30,100,0.1,TT,15.4395487501122
30,100,0.5,TT,16.3072914325721
120,0,0.1,TT,20.2114906611972
120,0,0.5,TT,19.518422379014
120,100,0.1,TT,19.3310240523669
120,100,0.5,TT,19.8974059543165
30,0,0.1,TT,18.8434596291502
30,0,0.5,TT,20.4435405542123
30,100,0.1,TT,16.5041528220436
30,100,0.5,TT,16.6355060241605
120,0,0.1,TT,21.1625222755367
120,0,0.5,TT,22.4172957360307
120,100,0.1,TT,20.7759207639357
120,100,0.5,TT,18.4407340995925
30,0,0.1,TT,20.1344630167971
30,0,0.5,TT,20.2198701314963
30,100,0.1,TT,17.0647857958823
30,100,0.5,TT,15.4134711232149
120,0,0.1,TT,19.5906556103797
120,0,0.5,TT,22.1413447119947
120,100,0.1,TT,21.2887472107716
120,100,0.5,TT,21.0207693125363
30,0,0.1,TT,20.4206133998876
30,0,0.5,TT,18.1857750904723
30,100,0.1,TT,17.5126227910523
30,100,0.5,TT,16.7000666632305
120,0,0.1,TT,20.622871323687
120,0,0.5,TT,19.8408911419736
120,100,0.1,TT,19.1924653880782
120,100,0.5,TT,21.2221101296165
30,0,0.1,TT,20.6277122200874
30,0,0.5,TT,19.7541949828899
30,100,0.1,TT,17.4751164532914
30,100,0.5,TT,17.0859791095144
120,0,0.1,TT,19.6115853463983
120,0,0.5,TT,22.6248183326276
120,100,0.1,TT,18.7952587651698
120,100,0.5,TT,19.7298489022673
30,0,0.1,TT,18.2037228884073
30,0,0.5,TT,19.6099073387425
30,100,0.1,TT,16.5063163911983
30,100,0.5,TT,18.272367082278
120,0,0.1,TT,19.7973981857184
120,0,0.5,TT,19.0622790978851
120,100,0.1,TT,19.1751573608835
120,100,0.5,TT,19.1680994125841
30,0,0.1,TT,18.5062122851881
30,0,0.5,TT,19.3774885845508
30,100,0.1,TT,16.2205320921198
30,100,0.5,TT,16.5244524580382
120,0,0.1,TT,19.2504274022955
120,0,0.5,TT,19.2031421007709
120,100,0.1,TT,20.7552470892935
120,100,0.5,TT,20.2640688974408
30,0,0.1,TT,18.6660633064565
30,0,0.5,TT,20.6751215109624
30,100,0.1,TT,18.2025010271995
30,100,0.5,TT,17.8214255275768
120,0,0.1,TT,17.7333666841929
120,0,0.5,TT,19.1030510263671
120,100,0.1,TT,20.3776164706442
120,100,0.5,TT,19.4073875697598
30,0,0.1,TT,18.9511754261005
30,0,0.5,TT,20.0573959171743
30,100,0.1,TT,15.6109508942786
30,100,0.5,TT,17.1648758965379
120,0,0.1,TT,19.7758245739463
120,0,0.5,TT,20.0190411097756
120,100,0.1,TT,19.9573507616376
120,100,0.5,TT,21.2644969084573
30,0,0.1,TT,19.5205890901374
30,0,0.5,TT,20.1016033617952
30,100,0.1,TT,17.8644643594858
30,100,0.5,TT,16.4147131853713
120,0,0.1,TT,19.8931347520072
120,0,0.5,TT,21.3049046608402
120,100,0.1,TT,20.0038998665704
120,100,0.5,TT,19.5130711432438
30,0,0.1,TT,21.2573344403552
30,0,0.5,TT,20.9970287249169
30,100,0.1,TT,18.4706155853847
30,100,0.5,TT,18.7581440394656
120,0,0.1,TT,20.2866972686848
120,0,0.5,TT,20.2922330779359
120,100,0.1,TT,19.606995802312
120,100,0.5,TT,18.4585312665066
30,0,0.1,TT,19.5935545022236
30,0,0.5,TT,20.127837250047
30,100,0.1,TT,17.7222420508603
30,100,0.5,TT,16.8046684792988
120,0,0.1,TT,20.3029474629963
120,0,0.5,TT,21.2148386988464
120,100,0.1,TT,18.6462669509587
120,100,0.5,TT,21.4792894108349
30,0,0.1,TT,20.4446856847061
30,0,0.5,TT,19.6475247499606
30,100,0.1,TT,18.5834830655854
30,100,0.5,TT,18.1683224136646
120,0,0.1,TT,20.5292570191407
120,0,0.5,TT,19.5433992667166
120,100,0.1,TT,19.3682048121564
120,100,0.5,TT,19.9233692324054
30,0,0.1,TT,18.4674860808702
30,0,0.5,TT,19.3775545553025
30,100,0.1,TT,17.5688714583653
30,100,0.5,TT,15.8987079345604
120,0,0.1,TT,20.0969675239346
120,0,0.5,TT,19.4237770838318
120,100,0.1,TT,20.7117195791993
120,100,0.5,TT,19.749348499623
30,0,0.1,TT,20.8899000082204
30,0,0.5,TT,21.025003013612
30,100,0.1,TT,16.7657847895011
30,100,0.5,TT,16.5343758405845
120,0,0.1,TT,20.1525620532695
120,0,0.5,TT,18.4842823709943
120,100,0.1,TT,21.0924064464008
120,100,0.5,TT,20.1402744865336
30,0,0.1,TT,20.0732240250528
30,0,0.5,TT,18.6511399836604
30,100,0.1,TT,13.5321811332763
30,100,0.5,TT,17.0729177536721
120,0,0.1,TT,19.8207769781002
120,0,0.5,TT,20.5470015772802
120,100,0.1,TT,18.775730792797
120,100,0.5,TT,19.712006842826
30,0,0.1,TT,20.9942505245445
30,0,0.5,TT,20.5909545504582
30,100,0.1,TT,16.0730784473735
30,100,0.5,TT,17.6753331280119
120,0,0.1,TT,20.3150897554641
120,0,0.5,TT,17.6033952776734
120,100,0.1,TT,19.0853367424211
120,100,0.5,TT,19.1043506323672
30,0,0.1,TT,20.6206088411463
30,0,0.5,TT,19.5883635748604
30,100,0.1,TT,19.0620697896192
30,100,0.5,TT,17.079733395769
120,0,0.1,TT,20.3341780740504
120,0,0.5,TT,20.8432449739687
120,100,0.1,TT,21.4648734843228
120,100,0.5,TT,19.4234434338532
30,0,0.1,TT,20.9424705242216
30,0,0.5,TT,19.0428222949872
30,100,0.1,TT,15.7697937928481
30,100,0.5,TT,17.7103931715222
120,0,0.1,TT,20.7520321420285
120,0,0.5,TT,20.3153811606073
120,100,0.1,TT,17.9917752271483
120,100,0.5,TT,19.3375545810362
30,0,0.1,TT,19.8546993045989
30,0,0.5,TT,21.7636029998122
30,100,0.1,TT,17.2080359393864
30,100,0.5,TT,16.0295175095457
120,0,0.1,TT,20.3590505566674
120,0,0.5,TT,19.649435987817
120,100,0.1,TT,20.2926666720996
120,100,0.5,TT,19.8431613721879
30,0,0.1,TT,20.6689191269726
30,0,0.5,TT,19.7146970416516
30,100,0.1,TT,16.6065952758754
30,100,0.5,TT,17.6207596307829
120,0,0.1,TT,20.0331936232447
120,0,0.5,TT,19.6296160852606
120,100,0.1,TT,18.7598634101925
120,100,0.5,TT,18.2907450626455
30,0,0.1,TT,19.7615217056342
30,0,0.5,TT,19.4839533635043
30,100,0.1,TT,17.7574286551592
30,100,0.5,TT,17.8798265430407
120,0,0.1,TT,18.8702805895088
120,0,0.5,TT,19.6909896252269
120,100,0.1,TT,19.6307486657905
120,100,0.5,TT,20.9289592968724
30,0,0.1,TT,22.6325887716679
30,0,0.5,TT,18.8410870141903
30,100,0.1,TT,15.2032061741631
30,100,0.5,TT,16.219257903146
120,0,0.1,TT,18.6735801200918
120,0,0.5,TT,20.0330974875523
120,100,0.1,TT,20.20383276766
120,100,0.5,TT,20.4159714893079
30,0,0.1,TT,21.4348053190698
30,0,0.5,TT,20.4946652182999
30,100,0.1,TT,15.9504582193188
30,100,0.5,TT,17.323735528688
120,0,0.1,TT,20.6748316189885
120,0,0.5,TT,20.7539359501176
120,100,0.1,TT,20.4092381552646
120,100,0.5,TT,19.1910189524564
30,0,0.1,TT,19.294632567095
30,0,0.5,TT,20.3251693618842
30,100,0.1,TT,16.7044240047699
30,100,0.5,TT,15.8004255815785
120,0,0.1,TT,18.9021519321379
120,0,0.5,TT,20.3772137944868
120,100,0.1,TT,19.0975066577032
120,100,0.5,TT,21.3690816547207
30,0,0.1,TT,18.9078732745937
30,0,0.5,TT,17.9486602113848
30,100,0.1,TT,16.7978329810313
30,100,0.5,TT,16.2456846275374
120,0,0.1,TT,19.5783329244636
120,0,0.5,TT,19.6286528248593
120,100,0.1,TT,21.0321406924808
120,100,0.5,TT,20.9869191372195
30,0,0.1,TT,18.9943831728288
30,0,0.5,TT,19.170839800471
30,100,0.1,TT,17.2622443896783
30,100,0.5,TT,17.6684996170245
120,0,0.1,TT,20.6751319537221
120,0,0.5,TT,18.9794351531379
120,100,0.1,TT,20.1858363120736
120,100,0.5,TT,18.6519563996933
30,0,0.1,TT,18.946584305207
30,0,0.5,TT,21.0222933970195
30,100,0.1,TT,15.8263887950062
30,100,0.5,TT,16.7994284814467
120,0,0.1,TT,20.3993926489184
120,0,0.5,TT,20.0460645340927
120,100,0.1,TT,19.3570196766931
120,100,0.5,TT,19.1075235901057
30,0,0.1,TT,20.4284797742346
30,0,0.5,TT,19.4946618520197
30,100,0.1,TT,16.4823192723064
30,100,0.5,TT,17.2956263342171
120,0,0.1,TT,18.2775118619256
120,0,0.5,TT,19.5535208442429
120,100,0.1,TT,20.428628005865
120,100,0.5,TT,20.8459009504249
30,0,0.1,TT,18.993444400813
30,0,0.5,TT,20.627740448067
30,100,0.1,TT,17.4735847794781
30,100,0.5,TT,17.5026938828621
120,0,0.1,TT,21.0129479070771
120,0,0.5,TT,19.8139126374754
120,100,0.1,TT,19.7290315380301
120,100,0.5,TT,21.4830314436856
30,0,0.1,TT,20.756933468592
30,0,0.5,TT,20.7413277437664
30,100,0.1,TT,18.1309460041702
30,100,0.5,TT,16.3845808332761
120,0,0.1,TT,19.0170404996851
120,0,0.5,TT,19.6128378174227
120,100,0.1,TT,21.2421259106767
120,100,0.5,TT,19.163322475045
30,50,0.2,TT,15.6290941085283
30,75,0.2,TT,13.6974044304518
30,100,0.2,TT,17.2663289927316
50,50,0.2,TT,17.1686446102535
50,75,0.2,TT,12.0670668556444
50,100,0.2,TT,14.5638613595386
75,50,0.2,TT,15.3008124385348
75,75,0.2,TT,8.97222048980281
75,100,0.2,TT,16.0420632554452
30,50,0.2,TT,17.1291623194256
30,75,0.2,TT,14.1474535734162
30,100,0.2,TT,18.436516192398
50,50,0.2,TT,16.9138402613624
50,75,0.2,TT,14.718403302647
50,100,0.2,TT,14.3885441536518
75,50,0.2,TT,16.5402807628102
75,75,0.2,TT,9.49861026980012
75,100,0.2,TT,16.8402948205797
30,50,0.2,TT,17.7878440518955
30,75,0.2,TT,15.1996941296224
30,100,0.2,TT,16.6255070683042
50,50,0.2,TT,17.1551581149694
50,75,0.2,TT,12.455975937813
50,100,0.2,TT,14.6167711657406
75,50,0.2,TT,16.2668231030484
75,75,0.2,TT,8.32523936123996
75,100,0.2,TT,15.8210293105743
30,50,0.2,TT,17.5126275096415
30,75,0.2,TT,14.2668041792686
30,100,0.2,TT,16.5638612682533
50,50,0.2,TT,16.175036130519
50,75,0.2,TT,13.0604499834285
50,100,0.2,TT,14.3172532017969
75,50,0.2,TT,16.4492795978718
75,75,0.2,TT,9.44876022168781
75,100,0.2,TT,17.7625525045056
30,50,0.2,TT,15.997442067691
30,75,0.2,TT,13.1816152102653
30,100,0.2,TT,16.8434073281822
50,50,0.2,TT,18.9374307493054
50,75,0.2,TT,11.3226115815231
50,100,0.2,TT,14.6154482628151
75,50,0.2,TT,15.6586031392856
75,75,0.2,TT,9.53602044208579
75,100,0.2,TT,17.5674124493383
30,50,0.2,TT,17.0828534884365
30,75,0.2,TT,14.2061074045253
30,100,0.2,TT,17.7191243777992
50,50,0.2,TT,18.1156440738173
50,75,0.2,TT,11.7938138810941
50,100,0.2,TT,15.5877641035203
75,50,0.2,TT,15.1807113365874
75,75,0.2,TT,9.93753374633405
75,100,0.2,TT,17.41070684564
30,50,0.2,TT,15.5094832340904
30,75,0.2,TT,15.893430018391
30,100,0.2,TT,18.3081715350662
50,50,0.2,TT,17.2444808438822
50,75,0.2,TT,11.4666945746291
50,100,0.2,TT,16.6090946424418
75,50,0.2,TT,15.4835611161074
75,75,0.2,TT,9.70902953661662
75,100,0.2,TT,16.7015668747519
30,50,0.2,TT,16.2844385210797
30,75,0.2,TT,14.0714784962057
30,100,0.2,TT,16.4596467584657
50,50,0.2,TT,16.8242679450083
50,75,0.2,TT,13.7057144616732
50,100,0.2,TT,13.221631137284
75,50,0.2,TT,15.3787749886013
75,75,0.2,TT,9.22526008343551
75,100,0.2,TT,17.6284914550028
30,50,0.2,TT,16.880983147362
30,75,0.2,TT,15.0709023380284
30,100,0.2,TT,18.6937860719889
50,50,0.2,TT,16.4746875362699
50,75,0.2,TT,12.5326733187871
50,100,0.2,TT,14.0408207882986
75,50,0.2,TT,15.2347365699584
75,75,0.2,TT,8.76944625187998
75,100,0.2,TT,15.7440656133277
30,50,0.2,TT,17.6258155841434
30,75,0.2,TT,16.3161538092117
30,100,0.2,TT,17.5409679944889
50,50,0.2,TT,17.055999672004
50,75,0.2,TT,12.7551801711859
50,100,0.2,TT,13.351423480128
75,50,0.2,TT,16.5655590486497
75,75,0.2,TT,9.01902344462292
75,100,0.2,TT,17.9333596507472
30,50,0.2,TT,16.752934514586
30,75,0.2,TT,15.2340900212095
30,100,0.2,TT,15.5722949203632
50,50,0.2,TT,16.4057911641166
50,75,0.2,TT,10.2219326283947
50,100,0.2,TT,15.1737709878193
75,50,0.2,TT,14.9080737391288
75,75,0.2,TT,10.0016123535498
75,100,0.2,TT,16.2032333024947
30,50,0.2,TT,17.7223260787372
30,75,0.2,TT,15.1964651796253
30,100,0.2,TT,18.3526306168699
50,50,0.2,TT,17.9429515443497
50,75,0.2,TT,11.2132040912791
50,100,0.2,TT,13.2206706676142
75,50,0.2,TT,16.7377153419938
75,75,0.2,TT,9.81968850573835
75,100,0.2,TT,18.2168091554435
30,50,0.2,TT,16.022720104337
30,75,0.2,TT,14.6576123716205
30,100,0.2,TT,18.4364394719695
50,50,0.2,TT,18.2100269228205
50,75,0.2,TT,11.7334544240001
50,100,0.2,TT,14.899324882518
75,50,0.2,TT,15.2172562653345
75,75,0.2,TT,10.5260629613095
75,100,0.2,TT,16.4648189835678
30,50,0.2,TT,15.4389630361502
30,75,0.2,TT,16.2306756149702
30,100,0.2,TT,18.9548428119171
50,50,0.2,TT,17.6570384922309
50,75,0.2,TT,13.3820255583975
50,100,0.2,TT,14.5960512473216
75,50,0.2,TT,16.8215384961541
75,75,0.2,TT,10.717756559091
75,100,0.2,TT,15.7702116087221
30,50,0.2,TT,13.7636744982846
30,75,0.2,TT,14.3515996766942
30,100,0.2,TT,16.7678166846727
50,50,0.2,TT,17.8133649634203
50,75,0.2,TT,12.749888554384
50,100,0.2,TT,13.5059346194202
75,50,0.2,TT,15.7898461441274
75,75,0.2,TT,10.3193521975045
75,100,0.2,TT,17.5929891767853
30,50,0.2,TT,16.2859837179374
30,75,0.2,TT,15.5788785108997
30,100,0.2,TT,16.4406086463513
50,50,0.2,TT,17.8497799457463
50,75,0.2,TT,12.2976053240221
50,100,0.2,TT,14.4927771039438
75,50,0.2,TT,14.4449681017807
75,75,0.2,TT,11.792988752904
75,100,0.2,TT,17.9062869841897
30,50,0.2,TT,16.4804948309579
30,75,0.2,TT,16.1965797883611
30,100,0.2,TT,15.4586325369738
50,50,0.2,TT,15.9863772949655
50,75,0.2,TT,12.9277954623317
50,100,0.2,TT,14.1586126716551
75,50,0.2,TT,17.7837969980472
75,75,0.2,TT,9.90116323028515
75,100,0.2,TT,16.4323153510318
30,50,0.2,TT,17.0232933854823
30,75,0.2,TT,15.5817690737973
30,100,0.2,TT,16.9398848886237
50,50,0.2,TT,17.8946069751063
50,75,0.2,TT,11.8798973632056
50,100,0.2,TT,14.5557052890396
75,50,0.2,TT,15.8344390318691
75,75,0.2,TT,12.4866128200387
75,100,0.2,TT,18.9237108301991
30,50,0.2,TT,15.743146717641
30,75,0.2,TT,13.5346450293244
30,100,0.2,TT,16.4613639520732
50,50,0.2,TT,16.5024026098943
50,75,0.2,TT,13.4766478679051
50,100,0.2,TT,14.7018680765742
75,50,0.2,TT,15.1885380738649
75,75,0.2,TT,7.52870893556916
75,100,0.2,TT,15.7566220148343
30,50,0.2,TT,17.6098987507816
30,75,0.2,TT,15.4576736024329
30,100,0.2,TT,16.9549566800544
50,50,0.2,TT,15.4888629292525
50,75,0.2,TT,12.942788254318
50,100,0.2,TT,13.814089619127
75,50,0.2,TT,17.0576362308591
75,75,0.2,TT,10.240229706048
75,100,0.2,TT,14.9212043334258
30,50,0.2,TT,17.6543678163928
30,75,0.2,TT,15.1179686207738
30,100,0.2,TT,17.0397976342344
50,50,0.2,TT,18.101820887749
50,75,0.2,TT,10.8379294820014
50,100,0.2,TT,14.7633782956
75,50,0.2,TT,17.5895317924144
75,75,0.2,TT,10.4720328634864
75,100,0.2,TT,16.6343031383595
30,50,0.2,TT,17.2681958282464
30,75,0.2,TT,15.6105989850502
30,100,0.2,TT,15.5920065967795
50,50,0.2,TT,18.2383270568082
50,75,0.2,TT,11.0329666131468
50,100,0.2,TT,15.5001701925877
75,50,0.2,TT,15.1676478005638
75,75,0.2,TT,11.3656199693826
75,100,0.2,TT,15.7212263383919
30,50,0.2,TT,16.584347679148
30,75,0.2,TT,14.8624937254137
30,100,0.2,TT,16.0618161851959
50,50,0.2,TT,16.4858086920609
50,75,0.2,TT,12.4571704760431
50,100,0.2,TT,14.4595452697246
75,50,0.2,TT,18.3843088163119
75,75,0.2,TT,9.48727872428799
75,100,0.2,TT,16.9982737549979
30,50,0.2,TT,18.5926373013478
30,75,0.2,TT,15.6785982006668
30,100,0.2,TT,16.2581383222353
50,50,0.2,TT,18.2119580133419
50,75,0.2,TT,13.4142145462489
50,100,0.2,TT,14.1752425191047
75,50,0.2,TT,17.1100776119605
75,75,0.2,TT,9.48695060947563
75,100,0.2,TT,17.4335697790919
30,50,0.2,TT,16.8840901781112
30,75,0.2,TT,13.4276418000103
30,100,0.2,TT,17.1209541830994
50,50,0.2,TT,18.7262878665201
50,75,0.2,TT,12.9591527618059
50,100,0.2,TT,13.9989011243036
75,50,0.2,TT,17.3729360071696
75,75,0.2,TT,7.86337528115704
75,100,0.2,TT,18.483506679911
30,50,0.2,TT,16.7807932635057
30,75,0.2,TT,16.1148608765612
30,100,0.2,TT,15.6743497210343
50,50,0.2,TT,17.530035995938
50,75,0.2,TT,10.2685706346552
50,100,0.2,TT,15.1242273374509
75,50,0.2,TT,14.4563254034426
75,75,0.2,TT,9.34884062504858
75,100,0.2,TT,16.9529503725662
30,50,0.2,TT,16.6045006786568
30,75,0.2,TT,14.7250792390066
30,100,0.2,TT,15.5392123723255
50,50,0.2,TT,17.2239943665828
50,75,0.2,TT,13.1321217088601
50,100,0.2,TT,17.1851109958069
75,50,0.2,TT,19.2049232391022
75,75,0.2,TT,8.8469907882222
75,100,0.2,TT,16.5232167290704
30,50,0.2,TT,16.7634717436852
30,75,0.2,TT,15.2424058723396
30,100,0.2,TT,16.0961106729609
50,50,0.2,TT,16.5325165137567
50,75,0.2,TT,12.168203307438
50,100,0.2,TT,16.4387110086638
75,50,0.2,TT,15.7283810651747
75,75,0.2,TT,11.1305176546415
75,100,0.2,TT,15.461717497702
30,50,0.2,TT,18.7025093863127
30,75,0.2,TT,12.7133602568407
30,100,0.2,TT,17.1356404033781
50,50,0.2,TT,16.5930397893882
50,75,0.2,TT,11.771032876401
50,100,0.2,TT,13.3204101138769
75,50,0.2,TT,16.1322004403487
75,75,0.2,TT,8.19613813149821
75,100,0.2,TT,17.6975615664405
30,50,0.2,TT,16.1678744965711
30,75,0.2,TT,14.1443887813345
30,100,0.2,TT,16.2234004221143
50,50,0.2,TT,15.2500694294925
50,75,0.2,TT,12.4964098665915
50,100,0.2,TT,15.8630710952789
75,50,0.2,TT,13.9928740804933
75,75,0.2,TT,9.05278427745133
75,100,0.2,TT,16.1381709598877
30,50,0.2,TT,17.0991662377996
30,75,0.2,TT,16.9161527289185
30,100,0.2,TT,15.6162104142295
50,50,0.2,TT,15.8589952156578
50,75,0.2,TT,14.0407127388399
50,100,0.2,TT,14.9926781266569
75,50,0.2,TT,15.6662117045036
75,75,0.2,TT,12.1477121933218
75,100,0.2,TT,16.7805150693091
30,50,0.2,TT,16.3702577678291
30,75,0.2,TT,15.6778939154014
30,100,0.2,TT,17.8839365679257
50,50,0.2,TT,16.2502060309386
50,75,0.2,TT,12.9240661054986
50,100,0.2,TT,13.4064259980494
75,50,0.2,TT,15.7449416559821
75,75,0.2,TT,10.1934970171105
75,100,0.2,TT,18.6659557505979
30,50,0.2,TT,16.920983624156
30,75,0.2,TT,14.5532347948298
30,100,0.2,TT,16.0941715413309
50,50,0.2,TT,17.7613492813095
50,75,0.2,TT,11.3388612257396
50,100,0.2,TT,14.6593866816886
75,50,0.2,TT,16.146159481535
75,75,0.2,TT,10.3392163195134
75,100,0.2,TT,16.6321341537343
30,50,0.2,TT,15.5499982689401
30,75,0.2,TT,14.5658686019339
30,100,0.2,TT,16.5752061079148
50,50,0.2,TT,19.5183437618702
50,75,0.2,TT,10.8728225469128
50,100,0.2,TT,16.1043523177553
75,50,0.2,TT,17.3827403302355
75,75,0.2,TT,8.04630319808344
75,100,0.2,TT,16.5824159274418
30,50,0.2,TT,16.1030173511508
30,75,0.2,TT,15.1864984957192
30,100,0.2,TT,15.3002761326607
50,50,0.2,TT,16.0529431395898
50,75,0.2,TT,14.0499412608424
50,100,0.2,TT,13.2070355248824
75,50,0.2,TT,14.8735549547584
75,75,0.2,TT,10.5229368488872
75,100,0.2,TT,17.6110200238933
30,50,0.2,TT,15.7579939458641
30,75,0.2,TT,15.0492379418214
30,100,0.2,TT,16.0504978400155
50,50,0.2,TT,15.8073975916543
50,75,0.2,TT,12.1648162709315
50,100,0.2,TT,14.9694417312422
75,50,0.2,TT,14.7449403490919
75,75,0.2,TT,9.88840626135475
75,100,0.2,TT,16.8358271984532
30,50,0.2,TT,17.9147772559431
30,75,0.2,TT,15.0749809941464
30,100,0.2,TT,15.1386938905634
50,50,0.2,TT,17.7533245623466
50,75,0.2,TT,13.8168132796742
50,100,0.2,TT,15.7934457357017
75,50,0.2,TT,15.917305656695
75,75,0.2,TT,10.6167489723786
75,100,0.2,TT,17.2258990487208
30,50,0.2,TT,17.5992726041487
30,75,0.2,TT,15.6191078667363
30,100,0.2,TT,19.3941420615795
50,50,0.2,TT,18.4303147900043
50,75,0.2,TT,10.7045918785936
50,100,0.2,TT,17.0385201171873
75,50,0.2,TT,16.0034491706185
75,75,0.2,TT,9.98793869530343
75,100,0.2,TT,15.9509230618705
30,50,0.2,TT,17.0484815874431
30,75,0.2,TT,15.9034963231547
30,100,0.2,TT,16.6799411860036
50,50,0.2,TT,18.6651648490502
50,75,0.2,TT,12.4118262205419
50,100,0.2,TT,14.8883046975095
75,50,0.2,TT,14.5871445812143
75,75,0.2,TT,10.0667472845031
75,100,0.2,TT,15.9753590933751
30,50,0.2,TT,15.2391608866464
30,75,0.2,TT,14.808079966686
30,100,0.2,TT,16.202005981463
50,50,0.2,TT,18.0948216572971
50,75,0.2,TT,10.5772830018434
50,100,0.2,TT,13.4890996364811
75,50,0.2,TT,17.2762753106841
75,75,0.2,TT,8.17474712317374
75,100,0.2,TT,17.6920585249618
30,50,0.2,TT,18.0276575407773
30,75,0.2,TT,15.649342414865
30,100,0.2,TT,17.2660118741478
50,50,0.2,TT,17.803836539374
50,75,0.2,TT,12.5187762066405
50,100,0.2,TT,14.5714829111889
75,50,0.2,TT,16.0818989847936
75,75,0.2,TT,9.63914328170746
75,100,0.2,TT,17.4507849153317
30,50,0.2,TT,16.6566755589589
30,75,0.2,TT,14.1288866240738
30,100,0.2,TT,17.6953433443565
50,50,0.2,TT,16.826913265329
50,75,0.2,TT,11.2711035768616
50,100,0.2,TT,16.0863824153635
75,50,0.2,TT,15.1715050068093
75,75,0.2,TT,8.23233116488141
75,100,0.2,TT,16.7239704567618
30,50,0.2,TT,15.5290480655446
30,75,0.2,TT,13.9235629195961
30,100,0.2,TT,17.1039408368865
50,50,0.2,TT,16.5943922087111
50,75,0.2,TT,13.9286721351787
50,100,0.2,TT,14.4641687005671
75,50,0.2,TT,15.5508996110973
75,75,0.2,TT,8.94946621734952
75,100,0.2,TT,16.7242861137741
30,50,0.2,TT,16.6733588670734
30,75,0.2,TT,15.7186617973962
30,100,0.2,TT,15.9735330610879
50,50,0.2,TT,16.5499833606486
50,75,0.2,TT,11.8516028953362
50,100,0.2,TT,15.8113862327189
75,50,0.2,TT,16.3174005010094
75,75,0.2,TT,10.1958210903439
75,100,0.2,TT,17.6097312101793
30,50,0.2,TT,17.0853190523737
30,75,0.2,TT,15.7224731381663
30,100,0.2,TT,15.1193124445341
50,50,0.2,TT,17.6744865352441
50,75,0.2,TT,12.698084301667
50,100,0.2,TT,13.4427863005689
75,50,0.2,TT,15.4179857856974
75,75,0.2,TT,11.0352269974836
75,100,0.2,TT,17.6341145118243
30,50,0.2,TT,16.7938462460198
30,75,0.2,TT,15.9845151334005
30,100,0.2,TT,17.0517931316015
50,50,0.2,TT,18.3435575242169
50,75,0.2,TT,12.7448496689828
50,100,0.2,TT,14.1508188029373
75,50,0.2,TT,16.7830485605925
75,75,0.2,TT,10.651869743403
75,100,0.2,TT,19.296445259121
30,50,0.2,TT,16.0251110894077
30,75,0.2,TT,16.1063156115551
30,100,0.2,TT,17.2048518977405
50,50,0.2,TT,15.5301161875916
50,75,0.2,TT,12.1244591390681
50,100,0.2,TT,14.1248678532184
75,50,0.2,TT,15.2645970019737
75,75,0.2,TT,9.44561649664883
75,100,0.2,TT,16.5258668447838
30,50,0.2,TT,15.959705507415
30,75,0.2,TT,16.365667616346
30,100,0.2,TT,16.9386362741073
50,50,0.2,TT,18.230776886894
50,75,0.2,TT,13.0471011324469
50,100,0.2,TT,13.8973782230151
75,50,0.2,TT,14.2489111398421
75,75,0.2,TT,10.0126313615733
75,100,0.2,TT,16.0807398733529
30,50,0.2,TT,16.4897296989892
30,75,0.2,TT,13.8810873654694
30,100,0.2,TT,14.4507445673553
50,50,0.2,TT,19.3031695874533
50,75,0.2,TT,12.9878735574841
50,100,0.2,TT,13.7118264379391
75,50,0.2,TT,16.3922914259153
75,75,0.2,TT,10.6280353462202
75,100,0.2,TT,16.3190448408655
30,50,0.2,TT,16.29142935204
30,75,0.2,TT,14.1822993161608
30,100,0.2,TT,16.3477326036855
50,50,0.2,TT,16.7149105858037
50,75,0.2,TT,12.1265946328854
50,100,0.2,TT,14.1517855659724
75,50,0.2,TT,15.5257054793081
75,75,0.2,TT,9.90970138706069
75,100,0.2,TT,15.2715352609024
30,50,0.2,TT,18.445083021084
30,75,0.2,TT,16.5985163091356
30,100,0.2,TT,16.4392472498901
50,50,0.2,TT,17.6295779958121
50,75,0.2,TT,12.9782101201447
50,100,0.2,TT,15.2295798027435
75,50,0.2,TT,15.6544149639717
75,75,0.2,TT,9.03149482545587
75,100,0.2,TT,17.5178063412232
30,50,0.2,TT,17.3664003694884
30,75,0.2,TT,16.3621014215416
30,100,0.2,TT,19.0338078141158
50,50,0.2,TT,15.5385888890052
50,75,0.2,TT,12.9545918346937
50,100,0.2,TT,15.0969654963442
75,50,0.2,TT,14.7376458955573
75,75,0.2,TT,9.41690199286926
75,100,0.2,TT,17.2891311979522
30,50,0.2,TT,16.3861479329386
30,75,0.2,TT,14.8069635175064
30,100,0.2,TT,16.7044703299677
50,50,0.2,TT,15.9554179134587
50,75,0.2,TT,12.5503688733973
50,100,0.2,TT,15.6083664981298
75,50,0.2,TT,15.2172818535467
75,75,0.2,TT,9.09797026758249
75,100,0.2,TT,18.445863947221
30,50,0.2,TT,16.2004717277879
30,75,0.2,TT,14.3575778047653
30,100,0.2,TT,15.3803881424347
50,50,0.2,TT,17.2632115718814
50,75,0.2,TT,11.8386176676703
50,100,0.2,TT,12.7750575277261
75,50,0.2,TT,14.7717447854069
75,75,0.2,TT,9.75391088511419
75,100,0.2,TT,17.0560128411106
30,50,0.2,TT,18.1889231710629
30,75,0.2,TT,15.4089049374611
30,100,0.2,TT,16.256033122352
50,50,0.2,TT,16.7749857135682
50,75,0.2,TT,12.0426198699188
50,100,0.2,TT,15.2473111834735
75,50,0.2,TT,16.0725240924465
75,75,0.2,TT,10.5677291547274
75,100,0.2,TT,17.4604072852536
30,50,0.2,TT,16.2028924604346
30,75,0.2,TT,15.2695802473265
30,100,0.2,TT,18.2279038769197
50,50,0.2,TT,17.4904372857502
50,75,0.2,TT,13.5972246005202
50,100,0.2,TT,14.8499289616419
75,50,0.2,TT,16.4038216218985
75,75,0.2,TT,9.38975569810586
75,100,0.2,TT,16.8276886928902
30,50,0.2,TT,17.0944485875606
30,75,0.2,TT,14.7049687085992
30,100,0.2,TT,16.6641901793667
50,50,0.2,TT,19.5191963065826
50,75,0.2,TT,12.1634355163045
50,100,0.2,TT,13.0673045917872
75,50,0.2,TT,15.4592108247756
75,75,0.2,TT,9.87876184499117
75,100,0.2,TT,17.2858014070265
30,50,0.2,TT,17.9689669310702
30,75,0.2,TT,14.1467565978278
30,100,0.2,TT,17.444179877453
50,50,0.2,TT,17.9784972111563
50,75,0.2,TT,12.2704132748628
50,100,0.2,TT,14.5412171375057
75,50,0.2,TT,14.8223748605602
75,75,0.2,TT,11.5881167412998
75,100,0.2,TT,18.3398313803404
30,50,0.2,TT,18.5645017262437
30,75,0.2,TT,15.229202339519
30,100,0.2,TT,16.5143623447231
50,50,0.2,TT,17.3502894121824
50,75,0.2,TT,11.2547346100182
50,100,0.2,TT,15.1827318052624
75,50,0.2,TT,17.2264247435489
75,75,0.2,TT,11.4620630517192
75,100,0.2,TT,16.0729034087357
30,50,0.2,TT,14.7514678869393
30,75,0.2,TT,15.5174142149738
30,100,0.2,TT,17.7970521263392
50,50,0.2,TT,15.4361399166694
50,75,0.2,TT,10.1202420953774
50,100,0.2,TT,14.5833090245915
75,50,0.2,TT,15.3315125052715
75,75,0.2,TT,10.6983027580591
75,100,0.2,TT,17.2430095444682
30,50,0.2,TT,16.2432869479814
30,75,0.2,TT,14.9596389250257
30,100,0.2,TT,15.8720634726279
50,50,0.2,TT,17.100263530147
50,75,0.2,TT,12.2900510760689
50,100,0.2,TT,16.1110988036015
75,50,0.2,TT,15.7482863968196
75,75,0.2,TT,10.2031274214813
75,100,0.2,TT,17.6212109248236
30,50,0.2,TT,18.4769476715921
30,75,0.2,TT,14.5492108303578
30,100,0.2,TT,16.49853226927
50,50,0.2,TT,17.8261536674846
50,75,0.2,TT,10.8965387852393
50,100,0.2,TT,16.2352563550288
75,50,0.2,TT,16.0725229057793
75,75,0.2,TT,9.44681862330439
75,100,0.2,TT,16.957871882878
30,50,0.2,TT,16.3867534003077
30,75,0.2,TT,14.379946312328
30,100,0.2,TT,17.8112313966035
50,50,0.2,TT,16.8651632081668
50,75,0.2,TT,12.5868570237184
50,100,0.2,TT,12.538546240246
75,50,0.2,TT,16.3598018139417
75,75,0.2,TT,11.3723365813917
75,100,0.2,TT,15.0467166877241
30,50,0.2,TT,16.3425922852978
30,75,0.2,TT,15.6655897345429
30,100,0.2,TT,16.506392642897
50,50,0.2,TT,19.1295634390953
50,75,0.2,TT,14.3291135909261
50,100,0.2,TT,12.9523100028564
75,50,0.2,TT,15.7057457268419
75,75,0.2,TT,7.8313818997772
75,100,0.2,TT,17.5995793089003
30,50,0.2,TT,16.0011136086631
30,75,0.2,TT,15.2931700605949
30,100,0.2,TT,17.3060588132701
50,50,0.2,TT,17.5358900558196
50,75,0.2,TT,11.0485922482044
50,100,0.2,TT,15.015210836826
75,50,0.2,TT,14.6310740386462
75,75,0.2,TT,10.9256494085701
75,100,0.2,TT,16.4781796460558
30,50,0.2,TT,16.6628911593724
30,75,0.2,TT,15.9367115435061
30,100,0.2,TT,17.0765190448329
50,50,0.2,TT,15.0093496849403
50,75,0.2,TT,11.5555065503875
50,100,0.2,TT,15.8026493776297
75,50,0.2,TT,16.7845028359525
75,75,0.2,TT,9.96909999533561
75,100,0.2,TT,15.8660775711319
30,50,0.2,TT,16.9465646912342
30,75,0.2,TT,15.9285642753939
30,100,0.2,TT,17.4138207602825
50,50,0.2,TT,15.764951493757
50,75,0.2,TT,11.0450222071251
50,100,0.2,TT,14.9445214882092
75,50,0.2,TT,13.0436071397606
75,75,0.2,TT,9.24112591832664
75,100,0.2,TT,15.1459889495224
30,50,0.2,TT,17.7427237304089
30,75,0.2,TT,14.6892500797146
30,100,0.2,TT,15.4182541522551
50,50,0.2,TT,15.9387514056589
50,75,0.2,TT,13.4976755278628
50,100,0.2,TT,15.8425152306198
75,50,0.2,TT,15.8343600906613
75,75,0.2,TT,9.79891484359966
75,100,0.2,TT,15.4100616618342
30,50,0.2,TT,16.1285645511662
30,75,0.2,TT,17.1068175890867
30,100,0.2,TT,16.8813855633223
50,50,0.2,TT,18.2175657167863
50,75,0.2,TT,10.8612714257267
50,100,0.2,TT,15.6230021396248
75,50,0.2,TT,17.4506538286594
75,75,0.2,TT,9.57214637068438
75,100,0.2,TT,16.4184051785586
30,50,0.2,TT,17.15475981183
30,75,0.2,TT,14.4757877070119
30,100,0.2,TT,16.8420488413451
50,50,0.2,TT,18.4686819405417
50,75,0.2,TT,11.2667352925967
50,100,0.2,TT,14.0729929440996
75,50,0.2,TT,15.9880142081462
75,75,0.2,TT,10.7080158458958
75,100,0.2,TT,16.0777539171021
30,50,0.2,TT,16.7417690332265
30,75,0.2,TT,17.197590273272
30,100,0.2,TT,16.1340918262069
50,50,0.2,TT,18.2794413083785
50,75,0.2,TT,11.8876998148858
50,100,0.2,TT,14.2787613525193
75,50,0.2,TT,15.3933905683353
75,75,0.2,TT,11.1674929275081
75,100,0.2,TT,16.0967512783961
30,50,0.2,TT,16.5623632219584
30,75,0.2,TT,15.4804161975592
30,100,0.2,TT,16.3893394947501
50,50,0.2,TT,17.8285926560676
50,75,0.2,TT,12.0371420863124
50,100,0.2,TT,15.9229573962013
75,50,0.2,TT,14.2480297074631
75,75,0.2,TT,11.3250477243519
75,100,0.2,TT,16.6181971429895
30,50,0.2,TT,16.221529267927
30,75,0.2,TT,15.823421819028
30,100,0.2,TT,17.6811212266422
50,50,0.2,TT,17.3550465245967
50,75,0.2,TT,13.3045651085958
50,100,0.2,TT,14.9005889668541
75,50,0.2,TT,15.598543583255
75,75,0.2,TT,10.3225651150177
75,100,0.2,TT,15.7290190431322
30,50,0.2,TT,18.1095304481252
30,75,0.2,TT,17.1879958060328
30,100,0.2,TT,17.1618870073942
50,50,0.2,TT,18.5463459783346
50,75,0.2,TT,11.7116521739039
50,100,0.2,TT,13.2095419856545
75,50,0.2,TT,16.9204699545638
75,75,0.2,TT,8.82986830360533
75,100,0.2,TT,16.6882696010784
30,50,0.2,TT,17.40862513781
30,75,0.2,TT,14.485707970621
30,100,0.2,TT,16.4533709846064
50,50,0.2,TT,16.2162517530924
50,75,0.2,TT,13.9193096106488
50,100,0.2,TT,16.2632530693384
75,50,0.2,TT,15.1718803991119
75,75,0.2,TT,8.75714777656847
75,100,0.2,TT,17.5682629373192
30,50,0.2,TT,16.6611369450319
30,75,0.2,TT,16.2716077084029
30,100,0.2,TT,16.4249434313541
50,50,0.2,TT,15.9796745776128
50,75,0.2,TT,12.1082841712051
50,100,0.2,TT,14.958294020913
75,50,0.2,TT,14.2199002256895
75,75,0.2,TT,10.1282525789987
75,100,0.2,TT,16.0534745647861
30,50,0.2,TT,16.8076602228646
30,75,0.2,TT,16.9480168306105
30,100,0.2,TT,17.5339854123183
50,50,0.2,TT,17.9943478505876
50,75,0.2,TT,12.7579902271334
50,100,0.2,TT,16.7489395553696
75,50,0.2,TT,16.4146562034251
75,75,0.2,TT,10.6700080070578
75,100,0.2,TT,17.0728371881104
30,50,0.2,TT,17.8912830989806
30,75,0.2,TT,13.279270861859
30,100,0.2,TT,17.8510110762997
50,50,0.2,TT,15.7231654504175
50,75,0.2,TT,11.826928560555
50,100,0.2,TT,12.9815522591593
75,50,0.2,TT,16.8512427829872
75,75,0.2,TT,9.12672428317726
75,100,0.2,TT,15.2530232430305
30,50,0.2,TT,16.6648935813813
30,75,0.2,TT,14.9091975728417
30,100,0.2,TT,19.1343629515259
50,50,0.2,TT,16.6068049355713
50,75,0.2,TT,12.7114152196899
50,100,0.2,TT,15.3262216072365
75,50,0.2,TT,15.647343263137
75,75,0.2,TT,10.787980155831
75,100,0.2,TT,17.3342525525466
30,50,0.2,TT,16.4719345161436
30,75,0.2,TT,14.9369291772666
30,100,0.2,TT,17.9292302990943
50,50,0.2,TT,17.962024145979
50,75,0.2,TT,11.3297516814304
50,100,0.2,TT,14.3840303831431
75,50,0.2,TT,16.963531091121
75,75,0.2,TT,11.861764889863
75,100,0.2,TT,16.0846890097041
30,50,0.2,TT,16.3657219774283
30,75,0.2,TT,14.692382886333
30,100,0.2,TT,17.3883575215963
50,50,0.2,TT,16.704035326291
50,75,0.2,TT,12.3926080740594
50,100,0.2,TT,15.2703230531894
75,50,0.2,TT,17.6689418761674
75,75,0.2,TT,11.0433277066263
75,100,0.2,TT,16.8437089283377
30,50,0.2,TT,16.578102877956
30,75,0.2,TT,15.6149177573871
30,100,0.2,TT,16.2339412070937
50,50,0.2,TT,17.2843926816716
50,75,0.2,TT,11.2861507083184
50,100,0.2,TT,14.7601366570933
75,50,0.2,TT,15.6586673804361
75,75,0.2,TT,9.7873601183005
75,100,0.2,TT,16.3896587485312
30,50,0.2,TT,16.2694948165211
30,75,0.2,TT,15.4303918697242
30,100,0.2,TT,18.1989974577485
50,50,0.2,TT,16.4629583838182
50,75,0.2,TT,13.0992609068296
50,100,0.2,TT,16.5097779186797
75,50,0.2,TT,14.6778706877981
75,75,0.2,TT,8.7981253063821
75,100,0.2,TT,17.9251674748309
30,50,0.2,TT,17.4679341925848
30,75,0.2,TT,15.2164160396904
30,100,0.2,TT,15.264442061735
50,50,0.2,TT,18.1020022772186
50,75,0.2,TT,11.8598119470026
50,100,0.2,TT,15.0441274668161
75,50,0.2,TT,14.6146534906155
75,75,0.2,TT,10.3085617293693
75,100,0.2,TT,16.5074584305896
30,50,0.2,TT,18.5945654709521
30,75,0.2,TT,15.803322745605
30,100,0.2,TT,17.5230761050286
50,50,0.2,TT,17.4192174735075
50,75,0.2,TT,12.0198214700001
50,100,0.2,TT,15.2221656585901
75,50,0.2,TT,16.4718342594274
75,75,0.2,TT,9.61871336304732
75,100,0.2,TT,16.9884759050771
30,50,0.2,TT,18.579015501638
30,75,0.2,TT,16.6212157182897
30,100,0.2,TT,17.0444790504413
50,50,0.2,TT,16.7962291477218
50,75,0.2,TT,11.0889564579015
50,100,0.2,TT,14.989970584603
75,50,0.2,TT,15.6498548794197
75,75,0.2,TT,8.16278777292148
75,100,0.2,TT,15.8220245193703
30,50,0.2,TT,14.4037195937772
30,75,0.2,TT,16.6413262876077
30,100,0.2,TT,19.1682147110708
50,50,0.2,TT,18.7558722660331
50,75,0.2,TT,11.865958256599
50,100,0.2,TT,15.2466079976866
75,50,0.2,TT,16.6394128948764
75,75,0.2,TT,8.94537709019293
75,100,0.2,TT,15.5668833033794
30,50,0.2,TT,14.1475012650008
30,75,0.2,TT,16.0230343865536
30,100,0.2,TT,16.1466385515304
50,50,0.2,TT,15.6642289426224
50,75,0.2,TT,11.662887086106
50,100,0.2,TT,15.6815804530507
75,50,0.2,TT,17.636768580156
75,75,0.2,TT,9.20309801199615
75,100,0.2,TT,15.3326477921476
30,50,0.2,TT,16.6564831782225
30,75,0.2,TT,14.5669620266037
30,100,0.2,TT,17.5377795838632
50,50,0.2,TT,14.8874654202987
50,75,0.2,TT,11.4454738883865
50,100,0.2,TT,13.3879117860576
75,50,0.2,TT,17.7495665698605
75,75,0.2,TT,10.1322551900655
75,100,0.2,TT,16.594001997732
30,50,0.2,TT,16.809698683268
30,75,0.2,TT,16.0097873670575
30,100,0.2,TT,17.9104128833668
50,50,0.2,TT,14.556264394483
50,75,0.2,TT,13.5282714114549
50,100,0.2,TT,13.9849497934877
75,50,0.2,TT,15.3992614925995
75,75,0.2,TT,11.3813998312729
75,100,0.2,TT,18.121235792648
30,50,0.2,TT,18.1359448272978
30,75,0.2,TT,14.7274799265786
30,100,0.2,TT,15.6481527719279
50,50,0.2,TT,18.3873418461624
50,75,0.2,TT,9.82783471108266
50,100,0.2,TT,15.245696165665
75,50,0.2,TT,15.6932465443937
75,75,0.2,TT,8.29015559591189
75,100,0.2,TT,16.3878869894634
30,50,0.2,TT,16.0021599921195
30,75,0.2,TT,14.5865630652213
30,100,0.2,TT,16.8948605683746
50,50,0.2,TT,15.4349634332129
50,75,0.2,TT,11.8760637992461
50,100,0.2,TT,14.3910969085996
75,50,0.2,TT,15.4791548834824
75,75,0.2,TT,10.0946946968849
75,100,0.2,TT,17.6577915404859
30,50,0.2,TT,16.6482006210937
30,75,0.2,TT,14.8355226874996
30,100,0.2,TT,16.8841334018928
50,50,0.2,TT,18.7655398813154
50,75,0.2,TT,13.3242532990053
50,100,0.2,TT,14.4383333411861
75,50,0.2,TT,15.3875382130089
75,75,0.2,TT,9.93921117419092
75,100,0.2,TT,17.0257306368451
30,50,0.2,TT,18.0297775120318
30,75,0.2,TT,17.1995668568442
30,100,0.2,TT,17.1680990212084
50,50,0.2,TT,18.8770976665303
50,75,0.2,TT,13.5603343263704
50,100,0.2,TT,14.2173323850296
75,50,0.2,TT,15.5634240418001
75,75,0.2,TT,9.1296745784506
75,100,0.2,TT,15.9815122295435
30,50,0.2,TT,16.7071487447528
30,75,0.2,TT,16.9353376482278
30,100,0.2,TT,17.0280066490013
50,50,0.2,TT,15.9875719083438
50,75,0.2,TT,11.855481005485
50,100,0.2,TT,16.2105703664214
75,50,0.2,TT,14.9911495308412
75,75,0.2,TT,10.363954556384
75,100,0.2,TT,15.1145241732365
30,50,0.2,TT,17.6906335504324
30,75,0.2,TT,13.4179604774358
30,100,0.2,TT,17.9785017647433
50,50,0.2,TT,15.6608484250826
50,75,0.2,TT,12.3013949782464
50,100,0.2,TT,14.9698337009783
75,50,0.2,TT,15.2372116003758
75,75,0.2,TT,10.6120239178456
75,100,0.2,TT,17.4202206846309
30,50,0.2,TT,17.7913385212772
30,75,0.2,TT,15.3605566083651
30,100,0.2,TT,19.4912570614588
50,50,0.2,TT,16.9267116363495
50,75,0.2,TT,12.5928245827771
50,100,0.2,TT,14.5577685792713
75,50,0.2,TT,14.5906484071528
75,75,0.2,TT,10.3612877079101
75,100,0.2,TT,16.6847737725293
30,50,0.2,TT,15.9275804282953
30,75,0.2,TT,15.165860527838
30,100,0.2,TT,16.9334689041824
50,50,0.2,TT,15.8994239443078
50,75,0.2,TT,13.4944103352918
50,100,0.2,TT,15.8146690957717
75,50,0.2,TT,14.7327931987586
75,75,0.2,TT,12.0300792517303
75,100,0.2,TT,14.799165798598
30,50,0.2,TT,16.74375999441
30,75,0.2,TT,14.9083963477629
30,100,0.2,TT,18.8093880765489
50,50,0.2,TT,17.0264864253102
50,75,0.2,TT,13.7086545826101
50,100,0.2,TT,12.948690391794
75,50,0.2,TT,16.1333901893337
75,75,0.2,TT,8.95972004710284
75,100,0.2,TT,17.029662903411
30,50,0.2,TT,14.3333965922701
30,75,0.2,TT,14.5426429686964
30,100,0.2,TT,17.1975842101504
50,50,0.2,TT,16.8949294193185
50,75,0.2,TT,11.5428799037082
50,100,0.2,TT,14.5492243844413
75,50,0.2,TT,14.9865241262951
75,75,0.2,TT,10.4449617752755
75,100,0.2,TT,16.0245162480254
