"Prev.Length","Match.Score","Tile.Size","Prev.Type","Browse.Time"
30,0,0.1,"TT",20.1881784982983
30,0,0.1,"AC",23.660614804392
30,0,0.5,"TT",21.1352523561327
30,0,0.5,"AC",24.9708454547473
30,100,0.1,"TT",17.1950888815456
30,100,0.1,"AC",22.343656319717
30,100,0.5,"TT",18.0101393196016
30,100,0.5,"AC",23.6575216734478
120,0,0.1,"TT",18.6546813491444
120,0,0.1,"AC",25.4079064909732
120,0,0.5,"TT",20.0349783567841
120,0,0.5,"AC",24.9564440017998
120,100,0.1,"TT",19.9989070723459
120,100,0.1,"AC",24.3642307685789
120,100,0.5,"TT",22.1463556486044
120,100,0.5,"AC",25.4835013308687
30,0,0.1,"TT",19.9513027796526
30,0,0.1,"AC",24.5160884809702
30,0,0.5,"TT",20.5873631893424
30,0,0.5,"AC",25.4400091336246
30,100,0.1,"TT",15.1474794285898
30,100,0.1,"AC",22.0027258515411
30,100,0.5,"TT",18.3017904823408
30,100,0.5,"AC",21.7795412593055
120,0,0.1,"TT",20.8299920937237
120,0,0.1,"AC",24.7081997835775
120,0,0.5,"TT",17.0628818512443
120,0,0.5,"AC",25.8940274275675
120,100,0.1,"TT",20.5384034822011
120,100,0.1,"AC",24.644663888893
120,100,0.5,"TT",18.6356477680336
120,100,0.5,"AC",25.2874467789256
30,0,0.1,"TT",20.0257656348853
30,0,0.1,"AC",24.753273857201
30,0,0.5,"TT",18.0579111389411
30,0,0.5,"AC",23.3068719504602
30,100,0.1,"TT",15.5429501813247
30,100,0.1,"AC",20.8375476667184
30,100,0.5,"TT",17.3610437892955
30,100,0.5,"AC",20.2747642104375
120,0,0.1,"TT",19.8152855090478
120,0,0.1,"AC",24.6804963045251
120,0,0.5,"TT",19.9034778208803
120,0,0.5,"AC",24.211630037441
120,100,0.1,"TT",20.0375068931869
120,100,0.1,"AC",22.6703688179328
120,100,0.5,"TT",19.667405774595
120,100,0.5,"AC",25.8571660833071
30,0,0.1,"TT",20.1087518190146
30,0,0.1,"AC",24.778585882931
30,0,0.5,"TT",21.1150237846507
30,0,0.5,"AC",24.2681988919354
30,100,0.1,"TT",17.6821693791352
30,100,0.1,"AC",22.2681023831121
30,100,0.5,"TT",16.3201233238539
30,100,0.5,"AC",23.0231530825639
120,0,0.1,"TT",21.4285512664368
120,0,0.1,"AC",25.3773004405196
120,0,0.5,"TT",20.4841072767688
120,0,0.5,"AC",22.9461550162067
120,100,0.1,"TT",19.6500172564432
120,100,0.1,"AC",24.2083103915685
120,100,0.5,"TT",20.458039231951
120,100,0.5,"AC",25.3685191026323
30,0,0.1,"TT",19.8772305882528
30,0,0.1,"AC",23.4827010356088
30,0,0.5,"TT",19.3912158992953
30,0,0.5,"AC",26.327456984276
30,100,0.1,"TT",17.3792016091064
30,100,0.1,"AC",19.7359068492582
30,100,0.5,"TT",17.0753309193346
30,100,0.5,"AC",21.0777119149959
120,0,0.1,"TT",19.7104914050953
120,0,0.1,"AC",25.6049283187211
120,0,0.5,"TT",20.3020493520647
120,0,0.5,"AC",26.0178731386205
120,100,0.1,"TT",19.8954680178282
120,100,0.1,"AC",24.9774857788513
120,100,0.5,"TT",19.6317789056946
120,100,0.5,"AC",26.5538556307415
30,0,0.1,"TT",19.9264062607776
30,0,0.1,"AC",23.8190124364755
30,0,0.5,"TT",21.3715042467
30,0,0.5,"AC",23.1917421098066
30,100,0.1,"TT",16.8729740050324
30,100,0.1,"AC",19.8454261250589
30,100,0.5,"TT",19.0196922114977
30,100,0.5,"AC",21.9273314655627
120,0,0.1,"TT",19.5491047689981
120,0,0.1,"AC",23.1605046937191
120,0,0.5,"TT",20.1616568908127
120,0,0.5,"AC",23.5268300817959
120,100,0.1,"TT",20.7529808082204
120,100,0.1,"AC",25.9880842877639
120,100,0.5,"TT",21.6316101673426
120,100,0.5,"AC",25.6508892308364
30,0,0.1,"TT",18.3050851246057
30,0,0.1,"AC",26.7244986254117
30,0,0.5,"TT",20.4577588599448
30,0,0.5,"AC",25.1341484443575
30,100,0.1,"TT",16.8815402526347
30,100,0.1,"AC",21.4534263243148
30,100,0.5,"TT",16.7375486457436
30,100,0.5,"AC",20.4024486289824
120,0,0.1,"TT",18.7466845081539
120,0,0.1,"AC",24.359725553383
120,0,0.5,"TT",19.8607723415139
120,0,0.5,"AC",23.2827204269596
120,100,0.1,"TT",20.7756199567673
120,100,0.1,"AC",26.1090589594769
120,100,0.5,"TT",19.5697428109902
120,100,0.5,"AC",26.2772684977195
30,0,0.1,"TT",20.0044520882096
30,0,0.1,"AC",26.51896005551
30,0,0.5,"TT",19.6995992581716
30,0,0.5,"AC",25.7258142946483
30,100,0.1,"TT",17.2998225954119
30,100,0.1,"AC",22.8270534219892
30,100,0.5,"TT",16.5307626216529
30,100,0.5,"AC",21.4829195671413
120,0,0.1,"TT",20.7454233449024
120,0,0.1,"AC",25.6981862351296
120,0,0.5,"TT",19.7305306196866
120,0,0.5,"AC",24.6335876763226
120,100,0.1,"TT",20.6053002000091
120,100,0.1,"AC",25.4707376921204
120,100,0.5,"TT",19.4379598315714
120,100,0.5,"AC",25.0165118242107
30,0,0.1,"TT",19.5043469550499
30,0,0.1,"AC",23.8839832313044
30,0,0.5,"TT",19.1608192277444
30,0,0.5,"AC",24.6604068264683
30,100,0.1,"TT",18.0477456550557
30,100,0.1,"AC",22.0525323564582
30,100,0.5,"TT",18.6461875767178
30,100,0.5,"AC",21.4739231519857
120,0,0.1,"TT",21.6502132375593
120,0,0.1,"AC",24.1531964084705
120,0,0.5,"TT",20.7196187933296
120,0,0.5,"AC",23.6850156675139
120,100,0.1,"TT",18.3028483455484
120,100,0.1,"AC",24.112645130108
120,100,0.5,"TT",20.6679595540531
120,100,0.5,"AC",24.1786773773528
30,0,0.1,"TT",16.8106917000308
30,0,0.1,"AC",24.8828295769634
30,0,0.5,"TT",19.095230533231
30,0,0.5,"AC",26.434987302797
30,100,0.1,"TT",17.0125041108573
30,100,0.1,"AC",22.5717651269899
30,100,0.5,"TT",17.1916860777263
30,100,0.5,"AC",22.60698565635
120,0,0.1,"TT",19.8794204835578
120,0,0.1,"AC",23.582222143269
120,0,0.5,"TT",18.3767454964996
120,0,0.5,"AC",22.9092360773737
120,100,0.1,"TT",21.1526778495572
120,100,0.1,"AC",24.8340957577381
120,100,0.5,"TT",19.9748534909254
120,100,0.5,"AC",25.4803724478359
30,0,0.1,"TT",19.3994932086185
30,0,0.1,"AC",25.0638639100008
30,0,0.5,"TT",19.396593701186
30,0,0.5,"AC",26.2619620505767
30,100,0.1,"TT",17.2115174929096
30,100,0.1,"AC",21.6115091661758
30,100,0.5,"TT",16.9433137443167
30,100,0.5,"AC",21.824282724646
120,0,0.1,"TT",21.2805117522279
120,0,0.1,"AC",26.694355514978
120,0,0.5,"TT",21.5319616775312
120,0,0.5,"AC",24.2166713796682
120,100,0.1,"TT",20.1325382530486
120,100,0.1,"AC",24.9568257283382
120,100,0.5,"TT",20.7910985720527
120,100,0.5,"AC",24.8889028406704
30,0,0.1,"TT",21.6861199864067
30,0,0.1,"AC",24.3837306484855
30,0,0.5,"TT",17.7269840218219
30,0,0.5,"AC",24.6161814808866
30,100,0.1,"TT",16.99301672837
30,100,0.1,"AC",23.1448675479137
30,100,0.5,"TT",18.5339596351905
30,100,0.5,"AC",20.8620139877581
120,0,0.1,"TT",19.3817413765344
120,0,0.1,"AC",25.1601951104634
120,0,0.5,"TT",21.5024752466068
120,0,0.5,"AC",24.3722919685087
120,100,0.1,"TT",20.3070323155467
120,100,0.1,"AC",26.9052617804684
120,100,0.5,"TT",19.337658798705
120,100,0.5,"AC",25.144324256167
30,0,0.1,"TT",17.5017049843269
30,0,0.1,"AC",24.6789283195762
30,0,0.5,"TT",20.0111904147172
30,0,0.5,"AC",23.3651026117286
30,100,0.1,"TT",17.181792718703
30,100,0.1,"AC",22.7031110085216
30,100,0.5,"TT",16.0455360954092
30,100,0.5,"AC",22.6845051680981
120,0,0.1,"TT",21.1200160961199
120,0,0.1,"AC",22.7579508748612
120,0,0.5,"TT",19.4034154070285
120,0,0.5,"AC",25.2600995899072
120,100,0.1,"TT",19.9281102401768
120,100,0.1,"AC",24.15099051079
120,100,0.5,"TT",19.9243331634265
120,100,0.5,"AC",24.5708696445987
30,0,0.1,"TT",20.1219362849927
30,0,0.1,"AC",26.4294011999204
30,0,0.5,"TT",20.1695576795839
30,0,0.5,"AC",24.3901473196059
30,100,0.1,"TT",18.4015846932213
30,100,0.1,"AC",21.0843090640238
30,100,0.5,"TT",16.3042855343979
30,100,0.5,"AC",21.2991715935816
120,0,0.1,"TT",19.68020383898
120,0,0.1,"AC",25.5079201168998
120,0,0.5,"TT",19.676933197795
120,0,0.5,"AC",26.246914053447
120,100,0.1,"TT",20.9481778861748
120,100,0.1,"AC",24.1513537333025
120,100,0.5,"TT",20.5311846883431
120,100,0.5,"AC",23.434988198897
30,0,0.1,"TT",17.4259059921806
30,0,0.1,"AC",25.7487496543349
30,0,0.5,"TT",18.8935987012074
30,0,0.5,"AC",25.9045479458451
30,100,0.1,"TT",17.5307788937517
30,100,0.1,"AC",21.0316087698825
30,100,0.5,"TT",16.602896857773
30,100,0.5,"AC",22.0404567867093
120,0,0.1,"TT",22.4436530536837
120,0,0.1,"AC",23.6779150816092
120,0,0.5,"TT",19.5053912922734
120,0,0.5,"AC",25.2213882339925
120,100,0.1,"TT",18.8735256803329
120,100,0.1,"AC",24.2474045934086
120,100,0.5,"TT",21.2433247046651
120,100,0.5,"AC",23.9966472047358
30,0,0.1,"TT",21.0936265007148
30,0,0.1,"AC",25.8027283043618
30,0,0.5,"TT",19.477408798572
30,0,0.5,"AC",23.5442920616041
30,100,0.1,"TT",17.4009974632181
30,100,0.1,"AC",22.0679350678232
30,100,0.5,"TT",15.9198496817422
30,100,0.5,"AC",23.0918942217493
120,0,0.1,"TT",19.3058425539806
120,0,0.1,"AC",28.4713012595823
120,0,0.5,"TT",19.6341680407912
120,0,0.5,"AC",26.6758310943125
120,100,0.1,"TT",20.1031912451696
120,100,0.1,"AC",24.8974724199287
120,100,0.5,"TT",20.157629365177
120,100,0.5,"AC",25.1766314966315
30,0,0.1,"TT",20.2357919634198
30,0,0.1,"AC",25.8495314968006
30,0,0.5,"TT",21.0962170185611
30,0,0.5,"AC",24.3784015317068
30,100,0.1,"TT",16.2760522624439
30,100,0.1,"AC",22.7088526948498
30,100,0.5,"TT",18.1878532193874
30,100,0.5,"AC",21.5800628985288
120,0,0.1,"TT",20.1583226571863
120,0,0.1,"AC",24.8003125848194
120,0,0.5,"TT",19.8783665283991
120,0,0.5,"AC",24.8361204107836
120,100,0.1,"TT",20.127131144082
120,100,0.1,"AC",25.5231950529163
120,100,0.5,"TT",20.7554259432391
120,100,0.5,"AC",24.2002073755946
30,0,0.1,"TT",19.5948896274364
30,0,0.1,"AC",25.7900855279042
30,0,0.5,"TT",18.6280161944211
30,0,0.5,"AC",25.1929069252116
30,100,0.1,"TT",17.1570505383631
30,100,0.1,"AC",22.5514808355668
30,100,0.5,"TT",19.4413082774339
30,100,0.5,"AC",21.6647256577377
120,0,0.1,"TT",19.6758385342594
120,0,0.1,"AC",25.3964421278174
120,0,0.5,"TT",19.6701293991055
120,0,0.5,"AC",23.9049381002034
120,100,0.1,"TT",20.5796858138464
120,100,0.1,"AC",25.9871843586377
120,100,0.5,"TT",21.1781424945694
120,100,0.5,"AC",26.7827368024181
30,0,0.1,"TT",20.3280385568288
30,0,0.1,"AC",25.5602799105235
30,0,0.5,"TT",21.7457276292208
30,0,0.5,"AC",24.6334833229026
30,100,0.1,"TT",18.1202964172256
30,100,0.1,"AC",22.0503372387337
30,100,0.5,"TT",18.7324640151011
30,100,0.5,"AC",19.8229576211328
120,0,0.1,"TT",19.1182064408368
120,0,0.1,"AC",23.383962288445
120,0,0.5,"TT",19.0777789696806
120,0,0.5,"AC",24.9858492698447
120,100,0.1,"TT",20.1932924203689
120,100,0.1,"AC",22.585933442058
120,100,0.5,"TT",20.2160633044758
120,100,0.5,"AC",23.6494911167023
30,0,0.1,"TT",19.4140623052588
30,0,0.1,"AC",26.3194312983032
30,0,0.5,"TT",20.684344160447
30,0,0.5,"AC",26.0685944592709
30,100,0.1,"TT",16.7041879707947
30,100,0.1,"AC",22.2920837781086
30,100,0.5,"TT",16.6125669637022
30,100,0.5,"AC",22.6035282641583
120,0,0.1,"TT",19.875565247465
120,0,0.1,"AC",25.4491002791646
120,0,0.5,"TT",19.2044921773431
120,0,0.5,"AC",26.5079921731978
120,100,0.1,"TT",20.0605986091495
120,100,0.1,"AC",23.8457316744267
120,100,0.5,"TT",20.3962819112454
120,100,0.5,"AC",24.904943864849
30,0,0.1,"TT",20.5495569061761
30,0,0.1,"AC",24.3408748477877
30,0,0.5,"TT",20.2213514606603
30,0,0.5,"AC",26.1222342364967
30,100,0.1,"TT",16.6531932168222
30,100,0.1,"AC",22.5018942858969
30,100,0.5,"TT",15.9007057113351
30,100,0.5,"AC",22.6661322169517
120,0,0.1,"TT",18.047365084851
120,0,0.1,"AC",25.4271721059882
120,0,0.5,"TT",19.4552036891635
120,0,0.5,"AC",24.1310844708408
120,100,0.1,"TT",19.2506287028671
120,100,0.1,"AC",26.6765112947719
120,100,0.5,"TT",19.6942910283157
120,100,0.5,"AC",26.1375544838202
30,0,0.1,"TT",20.7096780100486
30,0,0.1,"AC",23.8190996951387
30,0,0.5,"TT",20.5052789312681
30,0,0.5,"AC",25.9384298696929
30,100,0.1,"TT",15.4659820276862
30,100,0.1,"AC",20.8475051340589
30,100,0.5,"TT",17.4896954604348
30,100,0.5,"AC",22.6143570463902
120,0,0.1,"TT",18.3113440614762
120,0,0.1,"AC",24.5589120364778
120,0,0.5,"TT",19.7263823001864
120,0,0.5,"AC",25.6745072424734
120,100,0.1,"TT",21.4150877490198
120,100,0.1,"AC",26.1284305185497
120,100,0.5,"TT",19.3836208038949
120,100,0.5,"AC",24.0520703670281
30,0,0.1,"TT",21.329807690364
30,0,0.1,"AC",23.9809505357906
30,0,0.5,"TT",19.5893678861851
30,0,0.5,"AC",25.3394005573955
30,100,0.1,"TT",17.3198865142544
30,100,0.1,"AC",21.3486182932843
30,100,0.5,"TT",17.4513428236639
30,100,0.5,"AC",20.857095116979
120,0,0.1,"TT",18.784883643884
120,0,0.1,"AC",25.9702284051475
120,0,0.5,"TT",20.5094524350102
120,0,0.5,"AC",26.4506412370441
120,100,0.1,"TT",21.0412368590096
120,100,0.1,"AC",24.7660194402106
120,100,0.5,"TT",20.4166705225722
120,100,0.5,"AC",24.8132420891748
30,0,0.1,"TT",22.1488417661449
30,0,0.1,"AC",26.2873706640511
30,0,0.5,"TT",20.1548672476046
30,0,0.5,"AC",24.7204915594606
30,100,0.1,"TT",15.431302601572
30,100,0.1,"AC",21.3699525640209
30,100,0.5,"TT",17.9352156098786
30,100,0.5,"AC",20.3158950147613
120,0,0.1,"TT",21.1287275863711
120,0,0.1,"AC",25.6345109326946
120,0,0.5,"TT",19.5152822763479
120,0,0.5,"AC",23.0417669368744
120,100,0.1,"TT",18.5445847612152
120,100,0.1,"AC",24.8184078254044
120,100,0.5,"TT",19.6104636600148
120,100,0.5,"AC",25.7474134094621
30,0,0.1,"TT",20.8282158889456
30,0,0.1,"AC",24.6866717860831
30,0,0.5,"TT",19.5593712857817
30,0,0.5,"AC",23.5587441272242
30,100,0.1,"TT",17.1772500300744
30,100,0.1,"AC",22.7862040192102
30,100,0.5,"TT",15.7083248982709
30,100,0.5,"AC",21.7948678501832
120,0,0.1,"TT",20.2952574469102
120,0,0.1,"AC",24.9466447939511
120,0,0.5,"TT",18.7779684184681
120,0,0.5,"AC",24.8217194544055
120,100,0.1,"TT",19.5519123681385
120,100,0.1,"AC",24.4070631743688
120,100,0.5,"TT",20.2315352700886
120,100,0.5,"AC",24.659365925658
30,0,0.1,"TT",18.3486984340965
30,0,0.1,"AC",24.7365842342055
30,0,0.5,"TT",19.864713822463
30,0,0.5,"AC",23.5105128197126
30,100,0.1,"TT",16.5694552559958
30,100,0.1,"AC",22.1302992296992
30,100,0.5,"TT",17.0201750621964
30,100,0.5,"AC",21.3739444054909
120,0,0.1,"TT",20.0699724336192
120,0,0.1,"AC",26.2515349557768
120,0,0.5,"TT",20.5565016823794
120,0,0.5,"AC",23.8101611187467
120,100,0.1,"TT",21.8773571175817
120,100,0.1,"AC",24.937468431077
120,100,0.5,"TT",20.9629779759477
120,100,0.5,"AC",24.4923922483354
30,0,0.1,"TT",20.5245799169521
30,0,0.1,"AC",24.5535379104372
30,0,0.5,"TT",21.09825032604
30,0,0.5,"AC",22.8116220258947
30,100,0.1,"TT",16.8553390660569
30,100,0.1,"AC",23.7090533672693
30,100,0.5,"TT",17.4913141314359
30,100,0.5,"AC",21.4853990080976
120,0,0.1,"TT",19.0523460335315
120,0,0.1,"AC",25.0043363971159
120,0,0.5,"TT",19.9995292764781
120,0,0.5,"AC",25.3781139124479
120,100,0.1,"TT",18.2647166418291
120,100,0.1,"AC",24.6206465521532
120,100,0.5,"TT",20.2666504705599
120,100,0.5,"AC",23.4879045877044
30,0,0.1,"TT",19.1482014592569
30,0,0.1,"AC",25.8138123417107
30,0,0.5,"TT",17.2619856220706
30,0,0.5,"AC",26.3212563290034
30,100,0.1,"TT",15.1452192488291
30,100,0.1,"AC",23.7753619177259
30,100,0.5,"TT",17.32401001355
30,100,0.5,"AC",23.4546898414856
120,0,0.1,"TT",20.8376932090095
120,0,0.1,"AC",25.5609589603148
120,0,0.5,"TT",19.8289532720973
120,0,0.5,"AC",23.9678883776313
120,100,0.1,"TT",20.2718869704192
120,100,0.1,"AC",25.1394126443058
120,100,0.5,"TT",20.7861716691967
120,100,0.5,"AC",24.3572435964637
30,0,0.1,"TT",18.4511853643363
30,0,0.1,"AC",24.8678325685202
30,0,0.5,"TT",21.5609091168698
30,0,0.5,"AC",25.0873745659916
30,100,0.1,"TT",18.1489531667013
30,100,0.1,"AC",20.676944060821
30,100,0.5,"TT",17.1984200795658
30,100,0.5,"AC",22.0233717022659
120,0,0.1,"TT",20.4063935791765
120,0,0.1,"AC",25.7595843388555
120,0,0.5,"TT",20.1382994574788
120,0,0.5,"AC",24.052279919162
120,100,0.1,"TT",18.2591798474841
120,100,0.1,"AC",24.2155174682677
120,100,0.5,"TT",19.2630561061998
120,100,0.5,"AC",23.7724621593374
30,0,0.1,"TT",20.7898297832725
30,0,0.1,"AC",26.3307376115442
30,0,0.5,"TT",20.8999036153157
30,0,0.5,"AC",25.2919415848781
30,100,0.1,"TT",15.7492839541373
30,100,0.1,"AC",23.6468812546492
30,100,0.5,"TT",19.2930190345652
30,100,0.5,"AC",21.98157415313
120,0,0.1,"TT",20.4954804401138
120,0,0.1,"AC",24.6171199618417
120,0,0.5,"TT",21.6305012451422
120,0,0.5,"AC",24.5980031173277
120,100,0.1,"TT",20.5280580530156
120,100,0.1,"AC",25.148071393505
120,100,0.5,"TT",20.9213823238509
120,100,0.5,"AC",25.571146675578
30,0,0.1,"TT",19.6781064633213
30,0,0.1,"AC",23.3949487729423
30,0,0.5,"TT",19.9994536027092
30,0,0.5,"AC",24.9906453617524
30,100,0.1,"TT",18.0436943352995
30,100,0.1,"AC",21.542975146632
30,100,0.5,"TT",16.1228455296221
30,100,0.5,"AC",21.995256575757
120,0,0.1,"TT",20.8949667363329
120,0,0.1,"AC",24.4312668221152
120,0,0.5,"TT",18.7903295176031
120,0,0.5,"AC",25.0945050311791
120,100,0.1,"TT",22.0199189453384
120,100,0.1,"AC",23.5525331309315
120,100,0.5,"TT",20.6898536303857
120,100,0.5,"AC",26.4971865581742
30,0,0.1,"TT",20.1377970586713
30,0,0.1,"AC",25.0173604345047
30,0,0.5,"TT",19.8523832947324
30,0,0.5,"AC",25.2231412683664
30,100,0.1,"TT",17.8519154530409
30,100,0.1,"AC",21.5091427706437
30,100,0.5,"TT",16.9181755172941
30,100,0.5,"AC",21.9627904736896
120,0,0.1,"TT",19.9841200249396
120,0,0.1,"AC",24.4156668816571
120,0,0.5,"TT",20.619966300247
120,0,0.5,"AC",25.5466039555647
120,100,0.1,"TT",21.259767000203
120,100,0.1,"AC",24.4355084314803
120,100,0.5,"TT",18.5992084031902
120,100,0.5,"AC",26.649021790408
30,0,0.1,"TT",20.3044029403109
30,0,0.1,"AC",24.8216201953765
30,0,0.5,"TT",22.7564527877167
30,0,0.5,"AC",23.1689491535676
30,100,0.1,"TT",19.1063005458412
30,100,0.1,"AC",21.4019340275581
30,100,0.5,"TT",16.195994992599
30,100,0.5,"AC",21.2055960317241
120,0,0.1,"TT",19.6861226351269
120,0,0.1,"AC",23.9951258692131
120,0,0.5,"TT",20.8109240450602
120,0,0.5,"AC",24.5473800815267
120,100,0.1,"TT",19.7841835199915
120,100,0.1,"AC",26.3428080152186
120,100,0.5,"TT",19.5940581630231
120,100,0.5,"AC",24.0910848886088
30,0,0.1,"TT",19.7480182078144
30,0,0.1,"AC",24.808495936755
30,0,0.5,"TT",20.2080023811863
30,0,0.5,"AC",24.6822066382163
30,100,0.1,"TT",17.4597370146237
30,100,0.1,"AC",22.2827364001505
30,100,0.5,"TT",17.8883585379665
30,100,0.5,"AC",21.5425644756059
120,0,0.1,"TT",19.7835633862971
120,0,0.1,"AC",26.288042899569
120,0,0.5,"TT",19.2149590316161
120,0,0.5,"AC",25.4103289090923
120,100,0.1,"TT",20.0674615050148
120,100,0.1,"AC",25.3387259693276
120,100,0.5,"TT",20.2098140435465
120,100,0.5,"AC",25.275500257836
30,0,0.1,"TT",20.199559190241
30,0,0.1,"AC",26.4594228104595
30,0,0.5,"TT",20.3595647111463
30,0,0.5,"AC",24.7387697423624
30,100,0.1,"TT",16.3368199818192
30,100,0.1,"AC",20.7900161893052
30,100,0.5,"TT",16.3997538503189
30,100,0.5,"AC",22.2277467546029
120,0,0.1,"TT",19.5429949401622
120,0,0.1,"AC",25.16302019903
120,0,0.5,"TT",19.2585359913185
120,0,0.5,"AC",25.129530798655
120,100,0.1,"TT",19.1564410024829
120,100,0.1,"AC",24.2389110990986
120,100,0.5,"TT",19.4795573554791
120,100,0.5,"AC",24.3732711920758
30,0,0.1,"TT",18.1025336815101
30,0,0.1,"AC",24.9692344624006
30,0,0.5,"TT",21.5493087771135
30,0,0.5,"AC",24.4333316108373
30,100,0.1,"TT",15.9586437329928
30,100,0.1,"AC",21.5771434219934
30,100,0.5,"TT",19.0336398798132
30,100,0.5,"AC",21.832633195893
120,0,0.1,"TT",22.0999104575237
120,0,0.1,"AC",23.1608337758387
120,0,0.5,"TT",20.0846881680563
120,0,0.5,"AC",24.6538221204829
120,100,0.1,"TT",21.3626411374539
120,100,0.1,"AC",24.7026814358217
120,100,0.5,"TT",20.2040500793166
120,100,0.5,"AC",24.5780284405436
30,0,0.1,"TT",19.2677321227901
30,0,0.1,"AC",25.5097319101536
30,0,0.5,"TT",18.5750800903956
30,0,0.5,"AC",26.7598847934261
30,100,0.1,"TT",16.8781504453844
30,100,0.1,"AC",21.7573520052982
30,100,0.5,"TT",16.141406313027
30,100,0.5,"AC",22.2338705383792
120,0,0.1,"TT",21.3727953165999
120,0,0.1,"AC",24.8834318833806
120,0,0.5,"TT",19.8289548789454
120,0,0.5,"AC",26.0965182139159
120,100,0.1,"TT",18.9347754585095
120,100,0.1,"AC",27.6515321150177
120,100,0.5,"TT",20.0048694484878
120,100,0.5,"AC",24.5114881025624
30,0,0.1,"TT",21.0119449257063
30,0,0.1,"AC",26.1128866908353
30,0,0.5,"TT",18.9540463800388
30,0,0.5,"AC",24.2262958746837
30,100,0.1,"TT",15.5056885409938
30,100,0.1,"AC",20.7191406808884
30,100,0.5,"TT",16.5790742229724
30,100,0.5,"AC",22.2765426718279
120,0,0.1,"TT",21.9064165809207
120,0,0.1,"AC",25.3511555153406
120,0,0.5,"TT",18.9225056835041
120,0,0.5,"AC",25.7479335882618
120,100,0.1,"TT",20.2771485960792
120,100,0.1,"AC",25.2032535397885
120,100,0.5,"TT",20.6660653180739
120,100,0.5,"AC",24.758125413496
30,0,0.1,"TT",19.8460345345963
30,0,0.1,"AC",26.0520783389928
30,0,0.5,"TT",18.9787656776936
30,0,0.5,"AC",26.3774632967233
30,100,0.1,"TT",15.6246999693424
30,100,0.1,"AC",21.3432713718943
30,100,0.5,"TT",18.4184245504718
30,100,0.5,"AC",21.5387327995146
120,0,0.1,"TT",21.8983374630745
120,0,0.1,"AC",23.8762209480511
120,0,0.5,"TT",19.9280728462281
120,0,0.5,"AC",24.5883697781013
120,100,0.1,"TT",20.0111756502882
120,100,0.1,"AC",26.0707611875423
120,100,0.5,"TT",19.3145372022118
120,100,0.5,"AC",24.6184153586558
30,0,0.1,"TT",20.3013266517769
30,0,0.1,"AC",24.4624287801932
30,0,0.5,"TT",18.828804319046
30,0,0.5,"AC",23.6830963070292
30,100,0.1,"TT",14.2914525894089
30,100,0.1,"AC",19.6770207421213
30,100,0.5,"TT",18.7294053244875
30,100,0.5,"AC",19.2360106845407
120,0,0.1,"TT",22.1338449442246
120,0,0.1,"AC",25.6521494041597
120,0,0.5,"TT",18.6096550937239
120,0,0.5,"AC",24.5664112206716
120,100,0.1,"TT",21.6763514485192
120,100,0.1,"AC",26.0337921646837
120,100,0.5,"TT",20.5329863782731
120,100,0.5,"AC",23.9301293542153
30,0,0.1,"TT",20.3869028934004
30,0,0.1,"AC",26.0551981557287
30,0,0.5,"TT",19.1481552343361
30,0,0.5,"AC",26.9624925439773
30,100,0.1,"TT",15.6625599568682
30,100,0.1,"AC",21.3015214220237
30,100,0.5,"TT",15.5658788901357
30,100,0.5,"AC",20.7382460413117
120,0,0.1,"TT",19.7707483844174
120,0,0.1,"AC",25.8306024009712
120,0,0.5,"TT",19.2237344243455
120,0,0.5,"AC",22.8976127393432
120,100,0.1,"TT",21.2760574179467
120,100,0.1,"AC",25.7390884060738
120,100,0.5,"TT",19.6945628515867
120,100,0.5,"AC",24.7656615823787
30,0,0.1,"TT",18.6774234427123
30,0,0.1,"AC",25.1075506043536
30,0,0.5,"TT",20.6822810260882
30,0,0.5,"AC",25.5154611403054
30,100,0.1,"TT",16.6851288016752
30,100,0.1,"AC",20.4902191319296
30,100,0.5,"TT",18.4820664510088
30,100,0.5,"AC",23.0913686732677
120,0,0.1,"TT",18.7786338210054
120,0,0.1,"AC",25.6908184183271
120,0,0.5,"TT",19.4799447722811
120,0,0.5,"AC",21.0138439950289
120,100,0.1,"TT",19.5149920889224
120,100,0.1,"AC",24.5637024186493
120,100,0.5,"TT",20.5519967550623
120,100,0.5,"AC",25.95890842358
30,0,0.1,"TT",19.8278515802925
30,0,0.1,"AC",25.4142174533108
30,0,0.5,"TT",19.3580306184409
30,0,0.5,"AC",24.8707640983167
30,100,0.1,"TT",16.3007695082359
30,100,0.1,"AC",23.9634943647789
30,100,0.5,"TT",15.2359442820771
30,100,0.5,"AC",22.0731194650607
120,0,0.1,"TT",21.6420567211567
120,0,0.1,"AC",23.9030893835607
120,0,0.5,"TT",20.2404545759272
120,0,0.5,"AC",25.2459810565617
120,100,0.1,"TT",19.7120497545655
120,100,0.1,"AC",25.892015874013
120,100,0.5,"TT",19.8739146265686
120,100,0.5,"AC",25.7415915079762
30,0,0.1,"TT",21.413909057641
30,0,0.1,"AC",24.6055944863464
30,0,0.5,"TT",18.0296247102788
30,0,0.5,"AC",25.7698355098314
30,100,0.1,"TT",16.723520407567
30,100,0.1,"AC",22.3770068161509
30,100,0.5,"TT",16.143295571007
30,100,0.5,"AC",23.4655117027029
120,0,0.1,"TT",19.4821516884353
120,0,0.1,"AC",25.3840716478833
120,0,0.5,"TT",20.5811142473143
120,0,0.5,"AC",25.2429506466346
120,100,0.1,"TT",18.8211838326926
120,100,0.1,"AC",24.998210362837
120,100,0.5,"TT",19.9388184230905
120,100,0.5,"AC",22.6392331396873
30,0,0.1,"TT",19.6863723597174
30,0,0.1,"AC",25.010041079984
30,0,0.5,"TT",19.9921720827648
30,0,0.5,"AC",24.148835715197
30,100,0.1,"TT",17.1988122429334
30,100,0.1,"AC",20.462761245406
30,100,0.5,"TT",18.5770492155575
30,100,0.5,"AC",22.4520990159705
120,0,0.1,"TT",18.5575760336403
120,0,0.1,"AC",27.1857860664728
120,0,0.5,"TT",18.6873221377667
120,0,0.5,"AC",25.1281798133104
120,100,0.1,"TT",19.8702274987152
120,100,0.1,"AC",24.8611043164763
120,100,0.5,"TT",19.5280494084565
120,100,0.5,"AC",25.4767073162812
30,0,0.1,"TT",19.8904422101441
30,0,0.1,"AC",25.8334277325662
30,0,0.5,"TT",20.6927245867627
30,0,0.5,"AC",23.3153089966881
30,100,0.1,"TT",16.3149971071792
30,100,0.1,"AC",21.6147220340652
30,100,0.5,"TT",16.7491966329871
30,100,0.5,"AC",21.3122717740357
120,0,0.1,"TT",19.1496946149435
120,0,0.1,"AC",24.7848872916579
120,0,0.5,"TT",20.1256699775469
120,0,0.5,"AC",26.0249637181859
120,100,0.1,"TT",20.1928880435558
120,100,0.1,"AC",23.786897627115
120,100,0.5,"TT",19.2902764455408
120,100,0.5,"AC",26.2610081550029
30,0,0.1,"TT",20.5213518862461
30,0,0.1,"AC",24.5476564604406
30,0,0.5,"TT",19.6365488738913
30,0,0.5,"AC",26.8308060385415
30,100,0.1,"TT",16.1146729213233
30,100,0.1,"AC",22.5595896068552
30,100,0.5,"TT",17.1475401790516
30,100,0.5,"AC",22.7051658324497
120,0,0.1,"TT",18.7862411161789
120,0,0.1,"AC",27.366268263048
120,0,0.5,"TT",19.8368609545099
120,0,0.5,"AC",24.3827423414805
120,100,0.1,"TT",19.4920947277479
120,100,0.1,"AC",23.9940103789665
120,100,0.5,"TT",22.6705826773861
120,100,0.5,"AC",23.6287527663354
30,0,0.1,"TT",22.0229485954704
30,0,0.1,"AC",26.2398217731705
30,0,0.5,"TT",19.7806120058151
30,0,0.5,"AC",23.6154724766421
30,100,0.1,"TT",17.6167333816317
30,100,0.1,"AC",21.3290225634632
30,100,0.5,"TT",17.5228957886656
30,100,0.5,"AC",23.3121160508267
120,0,0.1,"TT",19.6765031747238
120,0,0.1,"AC",23.9546689973359
120,0,0.5,"TT",19.6609271118949
120,0,0.5,"AC",23.9059588335483
120,100,0.1,"TT",19.7422018289346
120,100,0.1,"AC",26.1373871076095
120,100,0.5,"TT",19.0765228522434
120,100,0.5,"AC",24.4879822154961
30,0,0.1,"TT",18.9780661649354
30,0,0.1,"AC",23.4658792368556
30,0,0.5,"TT",19.9535282094635
30,0,0.5,"AC",22.8595288587243
30,100,0.1,"TT",15.8416463975879
30,100,0.1,"AC",20.9738283951902
30,100,0.5,"TT",17.8861308918517
30,100,0.5,"AC",21.891524877231
120,0,0.1,"TT",20.1900972798454
120,0,0.1,"AC",24.7838716684154
120,0,0.5,"TT",21.8854631409188
120,0,0.5,"AC",24.1216637246456
120,100,0.1,"TT",19.3793665673169
120,100,0.1,"AC",24.23104673817
120,100,0.5,"TT",21.0337851036219
120,100,0.5,"AC",26.2325623546707
30,0,0.1,"TT",21.394470185829
30,0,0.1,"AC",24.9849076307351
30,0,0.5,"TT",18.6833574848428
30,0,0.5,"AC",24.2343521008628
30,100,0.1,"TT",18.694390848551
30,100,0.1,"AC",21.4163476750811
30,100,0.5,"TT",17.3906208795427
30,100,0.5,"AC",22.7680270169412
120,0,0.1,"TT",17.9319438590141
120,0,0.1,"AC",24.70185796332
120,0,0.5,"TT",21.2472166013826
120,0,0.5,"AC",26.6829170036361
120,100,0.1,"TT",22.0810418633329
120,100,0.1,"AC",24.970320959762
120,100,0.5,"TT",18.8098985114873
120,100,0.5,"AC",22.8696740721318
30,0,0.1,"TT",19.685673625133
30,0,0.1,"AC",25.5409009982224
30,0,0.5,"TT",20.2562225450129
30,0,0.5,"AC",26.6853680368637
30,100,0.1,"TT",18.9846701940789
30,100,0.1,"AC",20.25422567297
30,100,0.5,"TT",17.2664719315989
30,100,0.5,"AC",20.8595774001494
120,0,0.1,"TT",20.2350387505509
120,0,0.1,"AC",23.8827703876461
120,0,0.5,"TT",18.6164031306769
120,0,0.5,"AC",26.2851944306228
120,100,0.1,"TT",20.5569290004862
120,100,0.1,"AC",25.0254606246121
120,100,0.5,"TT",18.9930996855668
120,100,0.5,"AC",25.568023858976
30,0,0.1,"TT",20.3257054466777
30,0,0.1,"AC",25.7267131893183
30,0,0.5,"TT",20.0478296425348
30,0,0.5,"AC",24.0258605628831
30,100,0.1,"TT",18.3195062959761
30,100,0.1,"AC",21.156030183885
30,100,0.5,"TT",16.4947792300923
30,100,0.5,"AC",22.9140746820491
120,0,0.1,"TT",19.5434966298508
120,0,0.1,"AC",24.6000961827153
120,0,0.5,"TT",20.4946778267583
120,0,0.5,"AC",25.7584149097757
120,100,0.1,"TT",19.4267529631945
120,100,0.1,"AC",25.7200866789798
120,100,0.5,"TT",19.9214635867822
120,100,0.5,"AC",25.340801410687
30,0,0.1,"TT",21.3336232165812
30,0,0.1,"AC",25.3504198357291
30,0,0.5,"TT",23.3817778366069
30,0,0.5,"AC",25.1309652543854
30,100,0.1,"TT",15.2249146666945
30,100,0.1,"AC",22.2893313649231
30,100,0.5,"TT",16.1750522401152
30,100,0.5,"AC",22.2642034191406
120,0,0.1,"TT",18.7958700065934
120,0,0.1,"AC",24.9690379147643
120,0,0.5,"TT",20.1105075121587
120,0,0.5,"AC",24.6805698561322
120,100,0.1,"TT",22.4972248210144
120,100,0.1,"AC",24.4253138583301
120,100,0.5,"TT",18.3101141072711
120,100,0.5,"AC",25.905194201303
30,0,0.1,"TT",21.4255598091894
30,0,0.1,"AC",22.592885869697
30,0,0.5,"TT",19.9474804868389
30,0,0.5,"AC",25.068915321746
30,100,0.1,"TT",15.8634241198518
30,100,0.1,"AC",22.773562205659
30,100,0.5,"TT",14.5014895820987
30,100,0.5,"AC",23.019082763465
120,0,0.1,"TT",20.7003627930988
120,0,0.1,"AC",23.7151626090915
120,0,0.5,"TT",20.4186026548149
120,0,0.5,"AC",24.0228461488802
120,100,0.1,"TT",20.3674438539768
120,100,0.1,"AC",25.011528587246
120,100,0.5,"TT",19.6921851877176
120,100,0.5,"AC",24.2943551036091
30,0,0.1,"TT",20.1696797225833
30,0,0.1,"AC",23.9778681322637
30,0,0.5,"TT",19.5062043182997
30,0,0.5,"AC",23.7545659333416
30,100,0.1,"TT",15.8655742801447
30,100,0.1,"AC",22.7013656453267
30,100,0.5,"TT",16.5942206245484
30,100,0.5,"AC",22.2608783343412
120,0,0.1,"TT",20.4192845904422
120,0,0.1,"AC",26.8367086249961
120,0,0.5,"TT",20.6310099799803
120,0,0.5,"AC",25.6075463443789
120,100,0.1,"TT",21.5819236960667
120,100,0.1,"AC",26.2183507626453
120,100,0.5,"TT",19.4716360426291
120,100,0.5,"AC",22.6052538868197
30,0,0.1,"TT",20.0126916031291
30,0,0.1,"AC",25.1862563552959
30,0,0.5,"TT",20.0646300292899
30,0,0.5,"AC",24.0180863528154
30,100,0.1,"TT",15.0622941470679
30,100,0.1,"AC",21.0390923337024
30,100,0.5,"TT",17.1310525109453
30,100,0.5,"AC",21.8902149583765
120,0,0.1,"TT",23.0411322670098
120,0,0.1,"AC",25.4826989392328
120,0,0.5,"TT",21.8139913897523
120,0,0.5,"AC",23.7247873096119
120,100,0.1,"TT",20.2740632250507
120,100,0.1,"AC",25.8706225772916
120,100,0.5,"TT",21.6407815207014
120,100,0.5,"AC",24.6123011864889
30,0,0.1,"TT",17.585962303592
30,0,0.1,"AC",24.5546019444841
30,0,0.5,"TT",19.18439000857
30,0,0.5,"AC",24.6446399620468
30,100,0.1,"TT",18.5361914519009
30,100,0.1,"AC",22.6796927780617
30,100,0.5,"TT",17.7045799510358
30,100,0.5,"AC",20.3406296649726
120,0,0.1,"TT",20.1261617694439
120,0,0.1,"AC",24.2732931591062
120,0,0.5,"TT",19.9563556258143
120,0,0.5,"AC",24.7800136686887
120,100,0.1,"TT",19.9864783843644
120,100,0.1,"AC",23.5563925944577
120,100,0.5,"TT",20.2688955231096
120,100,0.5,"AC",25.2258068350135
30,0,0.1,"TT",19.3838752218424
30,0,0.1,"AC",26.0196275851542
30,0,0.5,"TT",20.9353449664313
30,0,0.5,"AC",23.7531346799962
30,100,0.1,"TT",16.6692608844776
30,100,0.1,"AC",21.2686569062061
30,100,0.5,"TT",16.5505857711924
30,100,0.5,"AC",21.227575481141
120,0,0.1,"TT",19.5833183620333
120,0,0.1,"AC",24.4564531654191
120,0,0.5,"TT",21.080776482341
120,0,0.5,"AC",25.6690807196347
120,100,0.1,"TT",18.6455416261411
120,100,0.1,"AC",24.7494061416078
120,100,0.5,"TT",16.90904083907
120,100,0.5,"AC",25.1135191910335
30,0,0.1,"TT",18.9836355995775
30,0,0.1,"AC",26.8544935122357
30,0,0.5,"TT",19.6983681027906
30,0,0.5,"AC",25.2702777019655
30,100,0.1,"TT",17.3621700410034
30,100,0.1,"AC",22.2717987557826
30,100,0.5,"TT",15.6404985910412
30,100,0.5,"AC",20.391881894301
120,0,0.1,"TT",18.3416318835978
120,0,0.1,"AC",24.4896734886749
120,0,0.5,"TT",20.7488890782588
120,0,0.5,"AC",25.3824829034782
120,100,0.1,"TT",21.1187530452424
120,100,0.1,"AC",25.878640431632
120,100,0.5,"TT",20.8809366974919
120,100,0.5,"AC",24.0306079187095
30,0,0.1,"TT",19.1567079339815
30,0,0.1,"AC",25.6710476976864
30,0,0.5,"TT",20.0427651302122
30,0,0.5,"AC",24.6864249163557
30,100,0.1,"TT",15.7430851932722
30,100,0.1,"AC",21.453728581415
30,100,0.5,"TT",16.3110187508641
30,100,0.5,"AC",21.5966157429583
120,0,0.1,"TT",19.9900914520048
120,0,0.1,"AC",24.3872442728315
120,0,0.5,"TT",20.1450602058948
120,0,0.5,"AC",24.4689252042888
120,100,0.1,"TT",18.7093284434192
120,100,0.1,"AC",23.4588624536878
120,100,0.5,"TT",20.6955940521979
120,100,0.5,"AC",23.5266034743695
30,0,0.1,"TT",20.482609916169
30,0,0.1,"AC",25.5137389332367
30,0,0.5,"TT",21.752109299387
30,0,0.5,"AC",23.9614373728011
30,100,0.1,"TT",18.0917062620168
30,100,0.1,"AC",22.4849707225976
30,100,0.5,"TT",15.8003053934954
30,100,0.5,"AC",21.5443892273552
120,0,0.1,"TT",20.0867561848029
120,0,0.1,"AC",25.8118277234704
120,0,0.5,"TT",18.0567435776561
120,0,0.5,"AC",22.6791983644203
120,100,0.1,"TT",21.1301723519793
120,100,0.1,"AC",25.8799403393633
120,100,0.5,"TT",21.2443957262624
120,100,0.5,"AC",26.9577167465729
30,0,0.1,"TT",20.2137037266839
30,0,0.1,"AC",23.3664057914483
30,0,0.5,"TT",18.4876638744463
30,0,0.5,"AC",25.043731234287
30,100,0.1,"TT",17.1521792067934
30,100,0.1,"AC",23.1550709349962
30,100,0.5,"TT",17.0495930476747
30,100,0.5,"AC",21.3458805166893
120,0,0.1,"TT",20.4334817261851
120,0,0.1,"AC",25.0178453940417
120,0,0.5,"TT",19.3616867537196
120,0,0.5,"AC",25.7603196327319
120,100,0.1,"TT",21.8564889937537
120,100,0.1,"AC",24.9689500872235
120,100,0.5,"TT",20.9764616294783
120,100,0.5,"AC",24.2739570845857
30,0,0.1,"TT",20.8496889084776
30,0,0.1,"AC",24.618449211473
30,0,0.5,"TT",19.9026042619961
30,0,0.5,"AC",23.9271160549735
30,100,0.1,"TT",13.7397068586623
30,100,0.1,"AC",22.3751523531215
30,100,0.5,"TT",17.2852859308145
30,100,0.5,"AC",22.639489819349
120,0,0.1,"TT",19.7142121224208
120,0,0.1,"AC",26.0487695439493
120,0,0.5,"TT",21.6849997240056
120,0,0.5,"AC",26.0096002519012
120,100,0.1,"TT",21.116749431943
120,100,0.1,"AC",25.3882490251607
120,100,0.5,"TT",22.8867066719312
120,100,0.5,"AC",25.5701192184469
30,0,0.1,"TT",20.4003173129556
30,0,0.1,"AC",25.5424654723834
30,0,0.5,"TT",22.8790369403663
30,0,0.5,"AC",24.7680823418148
30,100,0.1,"TT",15.7482486248153
30,100,0.1,"AC",22.6250818545964
30,100,0.5,"TT",16.8372230144476
30,100,0.5,"AC",21.9973118517487
120,0,0.1,"TT",20.1811111322431
120,0,0.1,"AC",24.0838486513135
120,0,0.5,"TT",20.9956670298016
120,0,0.5,"AC",25.0942680704048
120,100,0.1,"TT",19.7508248258749
120,100,0.1,"AC",25.8398938617359
120,100,0.5,"TT",20.0736939378197
120,100,0.5,"AC",25.525021114161
30,0,0.1,"TT",20.121089249509
30,0,0.1,"AC",24.6954337791291
30,0,0.5,"TT",20.406269908365
30,0,0.5,"AC",25.729275825832
30,100,0.1,"TT",18.031543462757
30,100,0.1,"AC",22.8687969879558
30,100,0.5,"TT",15.5584377989681
30,100,0.5,"AC",22.5827525512795
120,0,0.1,"TT",17.752926175661
120,0,0.1,"AC",24.1008208377835
120,0,0.5,"TT",20.621394932159
120,0,0.5,"AC",24.7837242743103
120,100,0.1,"TT",19.4442643020364
120,100,0.1,"AC",23.4184877777868
120,100,0.5,"TT",17.8318813541751
120,100,0.5,"AC",24.731236650834
30,0,0.1,"TT",19.8135362431674
30,0,0.1,"AC",23.9792869561681
30,0,0.5,"TT",21.0657889629505
30,0,0.5,"AC",25.0685366498515
30,100,0.1,"TT",18.5775269607265
30,100,0.1,"AC",20.6558850052042
30,100,0.5,"TT",14.2506314513882
30,100,0.5,"AC",22.9484550981569
120,0,0.1,"TT",21.6110253186397
120,0,0.1,"AC",25.6656663600748
120,0,0.5,"TT",21.0269593579512
120,0,0.5,"AC",24.8558055023468
120,100,0.1,"TT",19.9406870976013
120,100,0.1,"AC",24.1504496631943
120,100,0.5,"TT",19.942228621856
120,100,0.5,"AC",23.9564451226902
30,0,0.1,"TT",19.7358779115799
30,0,0.1,"AC",22.7628529110514
30,0,0.5,"TT",19.6876305833825
30,0,0.5,"AC",25.7521170061777
30,100,0.1,"TT",17.5310882568316
30,100,0.1,"AC",22.562947105244
30,100,0.5,"TT",17.9991381679239
30,100,0.5,"AC",22.3592791626972
120,0,0.1,"TT",20.5663447886994
120,0,0.1,"AC",26.6257775417439
120,0,0.5,"TT",22.2424380675879
120,0,0.5,"AC",24.254715537375
120,100,0.1,"TT",20.5409778560241
120,100,0.1,"AC",24.8764957865074
120,100,0.5,"TT",20.8197559230637
120,100,0.5,"AC",23.9459840328272
30,0,0.1,"TT",20.6671777850704
30,0,0.1,"AC",25.3161232597795
30,0,0.5,"TT",18.8334169742981
30,0,0.5,"AC",25.8477199980528
30,100,0.1,"TT",18.5377157123337
30,100,0.1,"AC",20.4250316949053
30,100,0.5,"TT",18.4286566375235
30,100,0.5,"AC",22.460778628518
120,0,0.1,"TT",21.025565479075
120,0,0.1,"AC",26.4017110277027
120,0,0.5,"TT",17.3143683995468
120,0,0.5,"AC",26.1569807772871
120,100,0.1,"TT",19.1959776990609
120,100,0.1,"AC",25.5065350174373
120,100,0.5,"TT",21.3618156871304
120,100,0.5,"AC",22.7877793994807
30,0,0.1,"TT",20.2587730084243
30,0,0.1,"AC",24.5325849830477
30,0,0.5,"TT",18.6175138337549
30,0,0.5,"AC",26.0567356088298
30,100,0.1,"TT",17.3185775589952
30,100,0.1,"AC",21.7189014059798
30,100,0.5,"TT",17.122266150978
30,100,0.5,"AC",22.8275359195528
120,0,0.1,"TT",19.1123147238731
120,0,0.1,"AC",24.5121796170623
120,0,0.5,"TT",18.9976226681914
120,0,0.5,"AC",26.3299087928718
120,100,0.1,"TT",18.9649742622425
120,100,0.1,"AC",24.759085307127
120,100,0.5,"TT",19.2185802743893
120,100,0.5,"AC",24.5917642783576
30,0,0.1,"TT",20.6354305696776
30,0,0.1,"AC",24.2116937808622
30,0,0.5,"TT",21.4515755714671
30,0,0.5,"AC",24.8578152417587
30,100,0.1,"TT",15.4395487501122
30,100,0.1,"AC",21.2077597984373
30,100,0.5,"TT",16.3072914325721
30,100,0.5,"AC",23.606435577088
120,0,0.1,"TT",20.2114906611972
120,0,0.1,"AC",24.7997502786105
120,0,0.5,"TT",19.518422379014
120,0,0.5,"AC",23.4764949421117
120,100,0.1,"TT",19.3310240523669
120,100,0.1,"AC",24.8142393653513
120,100,0.5,"TT",19.8974059543165
120,100,0.5,"AC",25.4257575909278
30,0,0.1,"TT",18.8434596291502
30,0,0.1,"AC",24.5406378877484
30,0,0.5,"TT",20.4435405542123
30,0,0.5,"AC",25.3727833449331
30,100,0.1,"TT",16.5041528220436
30,100,0.1,"AC",22.1871212520887
30,100,0.5,"TT",16.6355060241605
30,100,0.5,"AC",23.9216474736618
120,0,0.1,"TT",21.1625222755367
120,0,0.1,"AC",25.1701728848233
120,0,0.5,"TT",22.4172957360307
120,0,0.5,"AC",24.123710658416
120,100,0.1,"TT",20.7759207639357
120,100,0.1,"AC",24.6597763858218
120,100,0.5,"TT",18.4407340995925
120,100,0.5,"AC",24.1178141329373
30,0,0.1,"TT",20.1344630167971
30,0,0.1,"AC",23.6987097170352
30,0,0.5,"TT",20.2198701314963
30,0,0.5,"AC",25.5789787222515
30,100,0.1,"TT",17.0647857958823
30,100,0.1,"AC",20.3857456478825
30,100,0.5,"TT",15.4134711232149
30,100,0.5,"AC",23.2659038365025
120,0,0.1,"TT",19.5906556103797
120,0,0.1,"AC",25.4363351072343
120,0,0.5,"TT",22.1413447119947
120,0,0.5,"AC",24.6894746310417
120,100,0.1,"TT",21.2887472107716
120,100,0.1,"AC",24.1594327582131
120,100,0.5,"TT",21.0207693125363
120,100,0.5,"AC",24.6945318116136
30,0,0.1,"TT",20.4206133998876
30,0,0.1,"AC",23.9967255555996
30,0,0.5,"TT",18.1857750904723
30,0,0.5,"AC",24.4182408785512
30,100,0.1,"TT",17.5126227910523
30,100,0.1,"AC",23.0588834587545
30,100,0.5,"TT",16.7000666632305
30,100,0.5,"AC",20.4427328182653
120,0,0.1,"TT",20.622871323687
120,0,0.1,"AC",24.3904937490018
120,0,0.5,"TT",19.8408911419736
120,0,0.5,"AC",24.7953891580222
120,100,0.1,"TT",19.1924653880782
120,100,0.1,"AC",25.6512717401093
120,100,0.5,"TT",21.2221101296165
120,100,0.5,"AC",24.7974347528102
30,0,0.1,"TT",20.6277122200874
30,0,0.1,"AC",25.6339672944654
30,0,0.5,"TT",19.7541949828899
30,0,0.5,"AC",26.2649715033112
30,100,0.1,"TT",17.4751164532914
30,100,0.1,"AC",21.9540439780876
30,100,0.5,"TT",17.0859791095144
30,100,0.5,"AC",21.0755352688309
120,0,0.1,"TT",19.6115853463983
120,0,0.1,"AC",24.0635406765574
120,0,0.5,"TT",22.6248183326276
120,0,0.5,"AC",25.3145271793147
120,100,0.1,"TT",18.7952587651698
120,100,0.1,"AC",24.8886991658731
120,100,0.5,"TT",19.7298489022673
120,100,0.5,"AC",23.7251505809718
30,0,0.1,"TT",18.2037228884073
30,0,0.1,"AC",25.938709478857
30,0,0.5,"TT",19.6099073387425
30,0,0.5,"AC",23.5741903286007
30,100,0.1,"TT",16.5063163911983
30,100,0.1,"AC",21.342452741349
30,100,0.5,"TT",18.272367082278
30,100,0.5,"AC",22.268939144185
120,0,0.1,"TT",19.7973981857184
120,0,0.1,"AC",24.1326838688352
120,0,0.5,"TT",19.0622790978851
120,0,0.5,"AC",24.4045664636402
120,100,0.1,"TT",19.1751573608835
120,100,0.1,"AC",25.0178679507764
120,100,0.5,"TT",19.1680994125841
120,100,0.5,"AC",26.1835956581075
30,0,0.1,"TT",18.5062122851881
30,0,0.1,"AC",24.484519858925
30,0,0.5,"TT",19.3774885845508
30,0,0.5,"AC",24.9504527610256
30,100,0.1,"TT",16.2205320921198
30,100,0.1,"AC",23.2440184296394
30,100,0.5,"TT",16.5244524580382
30,100,0.5,"AC",23.1980317326486
120,0,0.1,"TT",19.2504274022955
120,0,0.1,"AC",25.3378748493989
120,0,0.5,"TT",19.2031421007709
120,0,0.5,"AC",24.4242545633223
120,100,0.1,"TT",20.7552470892935
120,100,0.1,"AC",24.1912737049723
120,100,0.5,"TT",20.2640688974408
120,100,0.5,"AC",25.430688082832
30,0,0.1,"TT",18.6660633064565
30,0,0.1,"AC",25.9303194838518
30,0,0.5,"TT",20.6751215109624
30,0,0.5,"AC",25.9332151185075
30,100,0.1,"TT",18.2025010271995
30,100,0.1,"AC",23.2091808366094
30,100,0.5,"TT",17.8214255275768
30,100,0.5,"AC",20.9993711807685
120,0,0.1,"TT",17.7333666841929
120,0,0.1,"AC",26.2649584222895
120,0,0.5,"TT",19.1030510263671
120,0,0.5,"AC",22.7962000740423
120,100,0.1,"TT",20.3776164706442
120,100,0.1,"AC",24.6844706166362
120,100,0.5,"TT",19.4073875697598
120,100,0.5,"AC",24.6693793771882
30,0,0.1,"TT",18.9511754261005
30,0,0.1,"AC",26.3785642634845
30,0,0.5,"TT",20.0573959171743
30,0,0.5,"AC",25.5420008213724
30,100,0.1,"TT",15.6109508942786
30,100,0.1,"AC",23.475704623485
30,100,0.5,"TT",17.1648758965379
30,100,0.5,"AC",22.0680248595987
120,0,0.1,"TT",19.7758245739463
120,0,0.1,"AC",23.4901564242067
120,0,0.5,"TT",20.0190411097756
120,0,0.5,"AC",26.2585175306849
120,100,0.1,"TT",19.9573507616376
120,100,0.1,"AC",26.1714951641014
120,100,0.5,"TT",21.2644969084573
120,100,0.5,"AC",24.4950065403516
30,0,0.1,"TT",19.5205890901374
30,0,0.1,"AC",25.4129652118323
30,0,0.5,"TT",20.1016033617952
30,0,0.5,"AC",24.9973912927558
30,100,0.1,"TT",17.8644643594858
30,100,0.1,"AC",21.5032822248949
30,100,0.5,"TT",16.4147131853713
30,100,0.5,"AC",22.7590471818515
120,0,0.1,"TT",19.8931347520072
120,0,0.1,"AC",24.9979240444762
120,0,0.5,"TT",21.3049046608402
120,0,0.5,"AC",24.7270365513778
120,100,0.1,"TT",20.0038998665704
120,100,0.1,"AC",23.7197980071347
120,100,0.5,"TT",19.5130711432438
120,100,0.5,"AC",24.7200640413809
30,0,0.1,"TT",21.2573344403552
30,0,0.1,"AC",25.3853338716408
30,0,0.5,"TT",20.9970287249169
30,0,0.5,"AC",25.3158613954843
30,100,0.1,"TT",18.4706155853847
30,100,0.1,"AC",22.5581177969003
30,100,0.5,"TT",18.7581440394656
30,100,0.5,"AC",22.7650137243181
120,0,0.1,"TT",20.2866972686848
120,0,0.1,"AC",24.0591299048046
120,0,0.5,"TT",20.2922330779359
120,0,0.5,"AC",21.8625368434635
120,100,0.1,"TT",19.606995802312
120,100,0.1,"AC",25.5865740157896
120,100,0.5,"TT",18.4585312665066
120,100,0.5,"AC",24.8640549654915
30,0,0.1,"TT",19.5935545022236
30,0,0.1,"AC",26.1131359173481
30,0,0.5,"TT",20.127837250047
30,0,0.5,"AC",22.8759660179554
30,100,0.1,"TT",17.7222420508603
30,100,0.1,"AC",20.6644368001914
30,100,0.5,"TT",16.8046684792988
30,100,0.5,"AC",23.0087200239961
120,0,0.1,"TT",20.3029474629963
120,0,0.1,"AC",26.1304757270503
120,0,0.5,"TT",21.2148386988464
120,0,0.5,"AC",23.3782780273064
120,100,0.1,"TT",18.6462669509587
120,100,0.1,"AC",25.5116164498036
120,100,0.5,"TT",21.4792894108349
120,100,0.5,"AC",23.0940102709134
30,0,0.1,"TT",20.4446856847061
30,0,0.1,"AC",25.7965601516764
30,0,0.5,"TT",19.6475247499606
30,0,0.5,"AC",24.2887113547521
30,100,0.1,"TT",18.5834830655854
30,100,0.1,"AC",20.0583479990645
30,100,0.5,"TT",18.1683224136646
30,100,0.5,"AC",21.1583893957163
120,0,0.1,"TT",20.5292570191407
120,0,0.1,"AC",26.7680787712026
120,0,0.5,"TT",19.5433992667166
120,0,0.5,"AC",25.7299514528631
120,100,0.1,"TT",19.3682048121564
120,100,0.1,"AC",25.0452696388131
120,100,0.5,"TT",19.9233692324054
120,100,0.5,"AC",25.2310554103437
30,0,0.1,"TT",18.4674860808702
30,0,0.1,"AC",24.6188211458966
30,0,0.5,"TT",19.3775545553025
30,0,0.5,"AC",25.0917983106979
30,100,0.1,"TT",17.5688714583653
30,100,0.1,"AC",21.6256481410403
30,100,0.5,"TT",15.8987079345604
30,100,0.5,"AC",19.7125643498312
120,0,0.1,"TT",20.0969675239346
120,0,0.1,"AC",25.0022986482826
120,0,0.5,"TT",19.4237770838318
120,0,0.5,"AC",25.3330809708762
120,100,0.1,"TT",20.7117195791993
120,100,0.1,"AC",25.0370890531001
120,100,0.5,"TT",19.749348499623
120,100,0.5,"AC",24.4038658919735
30,0,0.1,"TT",20.8899000082204
30,0,0.1,"AC",26.1512028071637
30,0,0.5,"TT",21.025003013612
30,0,0.5,"AC",23.4156455807566
30,100,0.1,"TT",16.7657847895011
30,100,0.1,"AC",21.9559488938838
30,100,0.5,"TT",16.5343758405845
30,100,0.5,"AC",22.8671155265114
120,0,0.1,"TT",20.1525620532695
120,0,0.1,"AC",24.7482148406602
120,0,0.5,"TT",18.4842823709943
120,0,0.5,"AC",23.9783721629212
120,100,0.1,"TT",21.0924064464008
120,100,0.1,"AC",25.3098439677021
120,100,0.5,"TT",20.1402744865336
120,100,0.5,"AC",23.9330919727425
30,0,0.1,"TT",20.0732240250528
30,0,0.1,"AC",26.3785383512069
30,0,0.5,"TT",18.6511399836604
30,0,0.5,"AC",23.7232048148369
30,100,0.1,"TT",13.5321811332763
30,100,0.1,"AC",23.0758534936964
30,100,0.5,"TT",17.0729177536721
30,100,0.5,"AC",21.2749447318994
120,0,0.1,"TT",19.8207769781002
120,0,0.1,"AC",24.208514215392
120,0,0.5,"TT",20.5470015772802
120,0,0.5,"AC",26.0599370117241
120,100,0.1,"TT",18.775730792797
120,100,0.1,"AC",25.6689906947507
120,100,0.5,"TT",19.712006842826
120,100,0.5,"AC",25.9929683538277
30,0,0.1,"TT",20.9942505245445
30,0,0.1,"AC",23.4500514229988
30,0,0.5,"TT",20.5909545504582
30,0,0.5,"AC",26.2878835173777
30,100,0.1,"TT",16.0730784473735
30,100,0.1,"AC",22.6923435459
30,100,0.5,"TT",17.6753331280119
30,100,0.5,"AC",24.0735752760551
120,0,0.1,"TT",20.3150897554641
120,0,0.1,"AC",23.5004077329483
120,0,0.5,"TT",17.6033952776734
120,0,0.5,"AC",24.0363551496302
120,100,0.1,"TT",19.0853367424211
120,100,0.1,"AC",24.7788068241837
120,100,0.5,"TT",19.1043506323672
120,100,0.5,"AC",25.2489495674646
30,0,0.1,"TT",20.6206088411463
30,0,0.1,"AC",24.1935807654096
30,0,0.5,"TT",19.5883635748604
30,0,0.5,"AC",24.9247352849317
30,100,0.1,"TT",19.0620697896192
30,100,0.1,"AC",22.3471477409439
30,100,0.5,"TT",17.079733395769
30,100,0.5,"AC",23.1480001994497
120,0,0.1,"TT",20.3341780740504
120,0,0.1,"AC",25.2276509001099
120,0,0.5,"TT",20.8432449739687
120,0,0.5,"AC",23.90439686701
120,100,0.1,"TT",21.4648734843228
120,100,0.1,"AC",24.3193082197433
120,100,0.5,"TT",19.4234434338532
120,100,0.5,"AC",24.3683620584474
30,0,0.1,"TT",20.9424705242216
30,0,0.1,"AC",24.142135949475
30,0,0.5,"TT",19.0428222949872
30,0,0.5,"AC",25.0605564090865
30,100,0.1,"TT",15.7697937928481
30,100,0.1,"AC",22.2628127427482
30,100,0.5,"TT",17.7103931715222
30,100,0.5,"AC",22.3241439234394
120,0,0.1,"TT",20.7520321420285
120,0,0.1,"AC",25.3800906208943
120,0,0.5,"TT",20.3153811606073
120,0,0.5,"AC",23.8600976541011
120,100,0.1,"TT",17.9917752271483
120,100,0.1,"AC",25.9201749825254
120,100,0.5,"TT",19.3375545810362
120,100,0.5,"AC",25.1932528425617
30,0,0.1,"TT",19.8546993045989
30,0,0.1,"AC",24.9499711110261
30,0,0.5,"TT",21.7636029998122
30,0,0.5,"AC",26.0535951817621
30,100,0.1,"TT",17.2080359393864
30,100,0.1,"AC",22.88068181411
30,100,0.5,"TT",16.0295175095457
30,100,0.5,"AC",21.017566380937
120,0,0.1,"TT",20.3590505566674
120,0,0.1,"AC",26.2805469755031
120,0,0.5,"TT",19.649435987817
120,0,0.5,"AC",25.0582238431203
120,100,0.1,"TT",20.2926666720996
120,100,0.1,"AC",24.8291985930639
120,100,0.5,"TT",19.8431613721879
120,100,0.5,"AC",24.7140468233211
30,0,0.1,"TT",20.6689191269726
30,0,0.1,"AC",25.7835706616526
30,0,0.5,"TT",19.7146970416516
30,0,0.5,"AC",25.0286695858341
30,100,0.1,"TT",16.6065952758754
30,100,0.1,"AC",21.1658452928001
30,100,0.5,"TT",17.6207596307829
30,100,0.5,"AC",21.0843798931049
120,0,0.1,"TT",20.0331936232447
120,0,0.1,"AC",25.421064406685
120,0,0.5,"TT",19.6296160852606
120,0,0.5,"AC",25.1374355874456
120,100,0.1,"TT",18.7598634101925
120,100,0.1,"AC",25.0471239365694
120,100,0.5,"TT",18.2907450626455
120,100,0.5,"AC",25.908544983153
30,0,0.1,"TT",19.7615217056342
30,0,0.1,"AC",23.1013314869747
30,0,0.5,"TT",19.4839533635043
30,0,0.5,"AC",22.9261054528796
30,100,0.1,"TT",17.7574286551592
30,100,0.1,"AC",21.873967981333
30,100,0.5,"TT",17.8798265430407
30,100,0.5,"AC",21.6402922765188
120,0,0.1,"TT",18.8702805895088
120,0,0.1,"AC",24.0313546216773
120,0,0.5,"TT",19.6909896252269
120,0,0.5,"AC",24.9545736160643
120,100,0.1,"TT",19.6307486657905
120,100,0.1,"AC",25.6561650364641
120,100,0.5,"TT",20.9289592968724
120,100,0.5,"AC",22.2336970135634
30,0,0.1,"TT",22.6325887716679
30,0,0.1,"AC",25.8873452139509
30,0,0.5,"TT",18.8410870141903
30,0,0.5,"AC",26.3526020186245
30,100,0.1,"TT",15.2032061741631
30,100,0.1,"AC",22.2324280676761
30,100,0.5,"TT",16.219257903146
30,100,0.5,"AC",23.2505313093228
120,0,0.1,"TT",18.6735801200918
120,0,0.1,"AC",23.8660379254558
120,0,0.5,"TT",20.0330974875523
120,0,0.5,"AC",23.4100373781461
120,100,0.1,"TT",20.20383276766
120,100,0.1,"AC",23.8651830545212
120,100,0.5,"TT",20.4159714893079
120,100,0.5,"AC",23.2848058283148
30,0,0.1,"TT",21.4348053190698
30,0,0.1,"AC",24.8917612115901
30,0,0.5,"TT",20.4946652182999
30,0,0.5,"AC",24.9046190576315
30,100,0.1,"TT",15.9504582193188
30,100,0.1,"AC",21.748863725115
30,100,0.5,"TT",17.323735528688
30,100,0.5,"AC",22.9459797110854
120,0,0.1,"TT",20.6748316189885
120,0,0.1,"AC",25.4690043842216
120,0,0.5,"TT",20.7539359501176
120,0,0.5,"AC",23.669788623572
120,100,0.1,"TT",20.4092381552646
120,100,0.1,"AC",25.2701514333699
120,100,0.5,"TT",19.1910189524564
120,100,0.5,"AC",23.4413095492122
30,0,0.1,"TT",19.294632567095
30,0,0.1,"AC",24.7339791684249
30,0,0.5,"TT",20.3251693618842
30,0,0.5,"AC",25.517832144896
30,100,0.1,"TT",16.7044240047699
30,100,0.1,"AC",23.7832109649904
30,100,0.5,"TT",15.8004255815785
30,100,0.5,"AC",23.0147006633435
120,0,0.1,"TT",18.9021519321379
120,0,0.1,"AC",25.1431824081571
120,0,0.5,"TT",20.3772137944868
120,0,0.5,"AC",26.7617802319105
120,100,0.1,"TT",19.0975066577032
120,100,0.1,"AC",25.3475723743016
120,100,0.5,"TT",21.3690816547207
120,100,0.5,"AC",25.4477669517921
30,0,0.1,"TT",18.9078732745937
30,0,0.1,"AC",25.1328720452124
30,0,0.5,"TT",17.9486602113848
30,0,0.5,"AC",24.785557438361
30,100,0.1,"TT",16.7978329810313
30,100,0.1,"AC",21.7638281306087
30,100,0.5,"TT",16.2456846275374
30,100,0.5,"AC",21.8766833920562
120,0,0.1,"TT",19.5783329244636
120,0,0.1,"AC",25.4333865091969
120,0,0.5,"TT",19.6286528248593
120,0,0.5,"AC",23.9238222918719
120,100,0.1,"TT",21.0321406924808
120,100,0.1,"AC",24.2672769782047
120,100,0.5,"TT",20.9869191372195
120,100,0.5,"AC",25.3882946954575
30,0,0.1,"TT",18.9943831728288
30,0,0.1,"AC",24.7457613333673
30,0,0.5,"TT",19.170839800471
30,0,0.5,"AC",25.5401777867176
30,100,0.1,"TT",17.2622443896783
30,100,0.1,"AC",21.2714991857829
30,100,0.5,"TT",17.6684996170245
30,100,0.5,"AC",20.6719996171636
120,0,0.1,"TT",20.6751319537221
120,0,0.1,"AC",26.2370854665072
120,0,0.5,"TT",18.9794351531379
120,0,0.5,"AC",26.5489635424565
120,100,0.1,"TT",20.1858363120736
120,100,0.1,"AC",23.5083434085317
120,100,0.5,"TT",18.6519563996933
120,100,0.5,"AC",23.7291677586864
30,0,0.1,"TT",18.946584305207
30,0,0.1,"AC",25.5104161901347
30,0,0.5,"TT",21.0222933970195
30,0,0.5,"AC",25.2624604472813
30,100,0.1,"TT",15.8263887950062
30,100,0.1,"AC",22.0286937409473
30,100,0.5,"TT",16.7994284814467
30,100,0.5,"AC",21.3202978147647
120,0,0.1,"TT",20.3993926489184
120,0,0.1,"AC",24.3776725773497
120,0,0.5,"TT",20.0460645340927
120,0,0.5,"AC",25.1060772181716
120,100,0.1,"TT",19.3570196766931
120,100,0.1,"AC",26.4986533442138
120,100,0.5,"TT",19.1075235901057
120,100,0.5,"AC",24.8794657652803
30,0,0.1,"TT",20.4284797742346
30,0,0.1,"AC",24.8503392495615
30,0,0.5,"TT",19.4946618520197
30,0,0.5,"AC",24.4544879656486
30,100,0.1,"TT",16.4823192723064
30,100,0.1,"AC",21.7546550329194
30,100,0.5,"TT",17.2956263342171
30,100,0.5,"AC",20.0404574539131
120,0,0.1,"TT",18.2775118619256
120,0,0.1,"AC",25.1894721737964
120,0,0.5,"TT",19.5535208442429
120,0,0.5,"AC",24.1668678100427
120,100,0.1,"TT",20.428628005865
120,100,0.1,"AC",26.0120055032103
120,100,0.5,"TT",20.8459009504249
120,100,0.5,"AC",26.2135288402219
30,0,0.1,"TT",18.993444400813
30,0,0.1,"AC",25.2507614708816
30,0,0.5,"TT",20.627740448067
30,0,0.5,"AC",24.2792003231087
30,100,0.1,"TT",17.4735847794781
30,100,0.1,"AC",20.139303719056
30,100,0.5,"TT",17.5026938828621
30,100,0.5,"AC",21.9899034105283
120,0,0.1,"TT",21.0129479070771
120,0,0.1,"AC",25.1469815289083
120,0,0.5,"TT",19.8139126374754
120,0,0.5,"AC",23.8284998075381
120,100,0.1,"TT",19.7290315380301
120,100,0.1,"AC",25.2917346825255
120,100,0.5,"TT",21.4830314436856
120,100,0.5,"AC",25.5554794773702
30,0,0.1,"TT",20.756933468592
30,0,0.1,"AC",26.0153462259028
30,0,0.5,"TT",20.7413277437664
30,0,0.5,"AC",24.4034246771197
30,100,0.1,"TT",18.1309460041702
30,100,0.1,"AC",21.8248636275673
30,100,0.5,"TT",16.3845808332761
30,100,0.5,"AC",21.7641269352879
120,0,0.1,"TT",19.0170404996851
120,0,0.1,"AC",24.9702263145645
120,0,0.5,"TT",19.6128378174227
120,0,0.5,"AC",24.1363230873151
120,100,0.1,"TT",21.2421259106767
120,100,0.1,"AC",24.9010359731799
120,100,0.5,"TT",19.163322475045
120,100,0.5,"AC",25.1143156880748
